k_burgundy_kingdom;Kingdom of Burgundy;;;;;;;;;;;x
e_mughals;Mughals;;;;;;;;;;;x
e_west_rome;Western Roman Empire;;;;;;;;;;;x
d_legion_italia;Legion of Italica;;;;;;;;;;;x
d_south_tyrol;Trent;;;;;;;;;;;x
k_dutch_republic;Dutch Republic;;;;;;;;;;;x
e_celtic_empire;Celtic Empire;;;;;;;;;;;x
k_celtic_christian;Insular Church;;;;;;;;;;;x
e_north_sea;North Sea Empire;;;;;;;;;;;;;x
e_varingian;Varingian Empire;;;;;;;;;;;;;x
e_byzantium;Eastern Roman Empire;;;;;;;;;;;;;x
k_papacy;Romagna;;;;;;;;;;;;;x
d_insular_guard;Insular Church Guard;;;;;;;;;;;;;x
d_canarias;Pirate Republic of Canarias;;;;;;;;;;;;;x
c_canarias;Pirate Den of Canarias;;;;;;;;;;;;;x
k_tuscany;League of Tuscany;;;;;;;;;;;;;x
k_rhine;Federation of the Rhine;;;;;;;;;;;;;x
d_dirtmarchen;Dithmarschen;;;;;;;;;;;;;x
k_arabia;Hejaz;;;;;;;;;;;;;x
k_haasa;Haasa;;;;;;;;;;;;;x
e_god_kingdom;Empire of God;;;;;;;;;;;;;x
k_macedonia;Macedonia;;;;;;;;;;;;;x
e_macedonia;Macedonian Empire;;;;;;;;;;;;;x
d_qizilbash;Qizilbash;;;;;;;;;;;;;x

d_orthodox_guard;Patriarchal Guard;;;;;;;;;;;;;x

b_genoa_treviso;House Ansaldo;;;;;;;;;;;;;x

d_swiss_guard;Swiss Guard;;;;;;;;;;;;;x

k_narbonensis;Septimania;;;;;;;;;;;;;x
k_wessex;Wessex;;;;;;;;;;;;;x
k_mercia;Mercia;;;;;;;;;;;;;x
k_northumbria;Northumbria;;;;;;;;;;;;;x
k_wesphalia;Wesphalia;;;;;;;;;;;;;x
k_thuringian;Thuringian;;;;;;;;;;;;;x
k_wolgast;Wolgast;;;;;;;;;;;;;x
k_burgundy;Burgundy;;;;;;;;;;;;;x
d_montpellier;Montpellier;;;;;;;;;;;;;x
d_fulda;Fulda;;;;;;;;;;;;;x
d_hamburg;Hamburg;;;;;;;;;;;;;x
d_lower_sicily;Lower Sicily;;;;;;;;;;;;;x
d_birmingham;Birmingham;;;;;;;;;;;;;x
d_olympos;Olympos;;;;;;;;;;;;;x
d_sparta;Sparta;;;;;;;;;;;;;x
d_ilam;Ilam;;;;;;;;;;;;;x
d_karbala;Karbala;;;;;;;;;;;;;x
d_nasr;Tartib Al-Nasr;;;;;;;;;;;;;x
d_ali;Amr Al-Ali;;;;;;;;;;;;;x
d_husseyin;Amr Al-Husayn;;;;;;;;;;;;;x
d_sunni_persian_company;Persian Company;;;;;;;;;;;;;x
d_arab_tribes;Arab Tribes;;;;;;;;;;;;;x
d_kurdish_company;Kurdish Lions;;;;;;;;;;;;;x
d_sicilian_company;Sicilian Company;;;;;;;;;;;;;x
d_tunis_company;Tunisian Company;;;;;;;;;;;;;x
d_granada_company;Granadan Watch;;;;;;;;;;;;;x
d_farfanes_company;Farfanes;;;;;;;;;;;;;x
d_indian_frontier;Indian Frontier;;;;;;;;;;;;;x
d_jerusalem_company;Jerusalem Protectorate;;;;;;;;;;;;;x

b_socotra;Socotra;;;;;;;;;;;;;x
b_irkenfeld;Irkenfeld;;;;;;;;;;;;;x

c_frada;Frada;;;;;;;;;;;;;x
b_seros;Seros;;;;;;;;;;;;;x
b_tronte;Tronte;;;;;;;;;;;;;x
b_maialas;Maialas;;;;;;;;;;;;;x
b_miralsot;Miralsot;;;;;;;;;;;;;x
b_aitona;Aitona;;;;;;;;;;;;;x
b_vicc;Vica;;;;;;;;;;;;;x
b_grub;Grub;;;;;;;;;;;;;x

c_frascati;Frastaci;;;;;;;;;;;;;x
b_aventinopolis;Sezze;;;;;;;;;;;;;x
b_palatinae;Palatinae;;;;;;;;;;;;;x
b_appiana;Appiana;;;;;;;;;;;;;x
b_riminia;Riminia;;;;;;;;;;;;;x
b_ternie;Ternie;;;;;;;;;;;;;x

c_formello;Formello;;;;;;;;;;;;;x
b_avanopolis;Avanopolis;;;;;;;;;;;;;x
b_romaville;Prati;;;;;;;;;;;;;x
b_gladiaria;Gladiaria;;;;;;;;;;;;;x
b_pistoiae;Pistoiae;;;;;;;;;;;;;x
b_cesenaticoa;Cesenaticoa;;;;;;;;;;;;;x

c_mijdrecht;Mijdrecht;;;;;;;;;;;;;x
b_geel;Geel;;;;;;;;;;;;;x
b_maldegem;Maldegem;;;;;;;;;;;;;x
b_oudenaarder;Oudenaarder;;;;;;;;;;;;;x
b_aalste;Aalste;;;;;;;;;;;;;x
b_zottegem;Zottegem;;;;;;;;;;;;;x
b_uden;Uden;;;;;;;;;;;;;x
b_vierdal;Vierdal;;;;;;;;;;;;;x

c_hoei;Hoei;;;;;;;;;;;;;x
b_herstale;Herstale;;;;;;;;;;;;;x
b_binche;Binche;;;;;;;;;;;;;x
b_dendermonder;Dendermonder;;;;;;;;;;;;;x
b_bilzen;Bilzen;;;;;;;;;;;;;x
b_pauwen;Pauwen;;;;;;;;;;;;;x
b_koksijde;Koksijde;;;;;;;;;;;;;x
b_unnik;Unnik;;;;;;;;;;;;;x
b_randwijken;Randwijken;;;;;;;;;;;;;x

c_oudergem;Oudergem;;;;;;;;;;;;;x
b_waversesteem;Waversesteem;;;;;;;;;;;;;x
b_dorpeling;Dorpeling;;;;;;;;;;;;;x
b_wahal;Wahal;;;;;;;;;;;;;x
b_vlijt;Vlijt;;;;;;;;;;;;;x
b_pauwendaal;Pauwendaal;;;;;;;;;;;;;x
b_hertogendal;Hertogendal;;;;;;;;;;;;;x

c_ottavia;Ottavia;;;;;;;;;;;;;x
b_palmarola;Palmarola;;;;;;;;;;;;;x
b_mazzalupetta;Mazzalupetta;;;;;;;;;;;;;x
b_candida;Candida;;;;;;;;;;;;;x
b_astie;Astie;;;;;;;;;;;;;x
b_forlie;Forlie;;;;;;;;;;;;;x


c_sapri;Sapri;;;;;;;;;;;;;x
b_fortino;Fortino;;;;;;;;;;;;;x
b_fenosa;Fenosa;;;;;;;;;;;;;x
b_barabba;Barabba;;;;;;;;;;;;;x
b_puccini;Puccini;;;;;;;;;;;;;x
b_piave;Pivave;;;;;;;;;;;;;x
b_altana;Altana;;;;;;;;;;;;;x
b_rurale;Rurale;;;;;;;;;;;;;x
b_carra;Carra;;;;;;;;;;;;;x

c_teano;Teano;;;;;;;;;;;;;x
b_pugliano;Pugliano;;;;;;;;;;;;;x
b_san_marco;San Marco;;;;;;;;;;;;;x
b_lianni;Lianni;;;;;;;;;;;;;x
b_sorgente;Sorgente;;;;;;;;;;;;;x
b_montanari;Montanari;;;;;;;;;;;;;x
b_calvie;Calvie;;;;;;;;;;;;;x
b_crore;Crore;;;;;;;;;;;;;x
b_roccheta;Roccheta;;;;;;;;;;;;;x

c_avellino;Avellino;;;;;;;;;;;;;x
b_cesianli;Cesianli;;;;;;;;;;;;;x
b_sabato;Sabato;;;;;;;;;;;;;x
b_santo_stefano;Santo Stefano;;;;;;;;;;;;;x
b_bagnoli;Bagnoli;;;;;;;;;;;;;x
b_san_nicola;San Nicola;;;;;;;;;;;;;x
b_ferrovia;Ferrovia;;;;;;;;;;;;;x
b_salza;Salza;;;;;;;;;;;;;x
b_gissara;Gissara;;;;;;;;;;;;;x

c_amaliada;Amaliada;;;;;;;;;;;;;x
b_kavilion;Kavilion;;;;;;;;;;;;;x
b_nevarionu;Nevarionu;;;;;;;;;;;;;x
b_fereou;Fereou;;;;;;;;;;;;;x
b_kalavriton;Kalavriton;;;;;;;;;;;;;x
b_tsichleikou;Tsichleikou;;;;;;;;;;;;;x
b_xidia;Xidia;;;;;;;;;;;;;x
b_drosini;Drosini;;;;;;;;;;;;;x
b_psaron;Psaron;;;;;;;;;;;;;x

c_lagkadia;Lagkadia;;;;;;;;;;;;;x
b_eatn;Eatn;;;;;;;;;;;;;x
b_madara;Madara;;;;;;;;;;;;;x
b_methydrio;Methydrio;;;;;;;;;;;;;x
b_ryaki;Ryaki;;;;;;;;;;;;;x
b_alonistaina;Alonistaina;;;;;;;;;;;;;x
b_kapkaou;Kapkaou;;;;;;;;;;;;;x
b_pan;Pan;;;;;;;;;;;;;x
b_magouliana;Magouliana;;;;;;;;;;;;;x

c_laconia;Laconia;;;;;;;;;;;;;x
b_molaoi;Molaoi;;;;;;;;;;;;;x
b_nakia;Nakia;;;;;;;;;;;;;x
b_eukea;Eukea;;;;;;;;;;;;;x
b_kasell;Kasell;;;;;;;;;;;;;x
b_lakona;Lakona;;;;;;;;;;;;;x
b_ilida;Ilida;;;;;;;;;;;;;x
b_abee;Abee;;;;;;;;;;;;;x
b_angelona;Angelona;;;;;;;;;;;;;x

c_messini;Messini;;;;;;;;;;;;;x
b_notara;Notara;;;;;;;;;;;;;x
b_evioc;Evioc;;;;;;;;;;;;;x
b_krompa;Krompa;;;;;;;;;;;;;x
b_eleftherias;Eleftherias;;;;;;;;;;;;;x
b_kolokotroni;Kolokotroni;;;;;;;;;;;;;x
b_kiparissias;Kiparissias;;;;;;;;;;;;;x
b_nitoukac;Nitoukac;;;;;;;;;;;;;x
b_maouromati;Maouromati;;;;;;;;;;;;;x

c_vasilika;Vasilika;;;;;;;;;;;;;x
b_parori;Parori;;;;;;;;;;;;;x
b_mapiva;Mapiva;;;;;;;;;;;;;x
b_tihorea;Tihorea;;;;;;;;;;;;;x
b_kato;Kato;;;;;;;;;;;;;x
b_panagia;Panagia;;;;;;;;;;;;;x
b_kato_tihorea;Kato Tihorea;;;;;;;;;;;;;x
b_kabubia;Kabubia;;;;;;;;;;;;;x
b_giorgis;Giorgis;;;;;;;;;;;;;x

c_katoikiec;Katoikiec;;;;;;;;;;;;;x
b_mandra;Mandra;;;;;;;;;;;;;x
b_meoaia;Meoaia;;;;;;;;;;;;;x
b_vianox;Vianox;;;;;;;;;;;;;x
b_kopaka;Kopaka;;;;;;;;;;;;;x
b_nea_zwn;Nea Zwn;;;;;;;;;;;;;x
b_neo_novtoc;Neo Novtoc;;;;;;;;;;;;;x
b_wapi;Wapi;;;;;;;;;;;;;x
b_elefsina;Elefsina;;;;;;;;;;;;;x
b_tiberia;Tiberia;;;;;;;;;;;;x
b_forumaldo;Forumaldo;;;;;;;;;;;;x
b_riminie;Riminie;;;;;;;;;;;;x
b_aekgaard;Aekgaard;;;;;;;;;;;;x
b_ergmann;Ergmanne;;;;;;;;;;;;x
b_ygger;Ygger;;;;;;;;;;;;x
b_elefsina;Elefsina;;;;;;;;;;;;x
b_bernburge;Bernburge;;;;;;;;;;;;x

c_larisa;Larisa;;;;;;;;;;;;;x
b_nikaia;Nikaia;;;;;;;;;;;;;x
b_platykampos;Platykampos;;;;;;;;;;;;;x
b_lakereia;Lakereia;;;;;;;;;;;;;x
b_aetolofos;Aetolofos;;;;;;;;;;;;;x
b_koilada;Koilada;;;;;;;;;;;;;x
b_giannouli;Giannouli;;;;;;;;;;;;;x
b_meaia;Meia;;;;;;;;;;;;;x
b_mavopa;Mavopa;;;;;;;;;;;;;x

c_olympos;Olympos;;;;;;;;;;;;;x
b_pythio;Pythio;;;;;;;;;;;;;x
b_netpa;Netpa;;;;;;;;;;;;;x
b_kokkinopilos;Kokkinopilos;;;;;;;;;;;;;x
b_livadi;Livadi;;;;;;;;;;;;;x
b_agios;Agios;;;;;;;;;;;;;x
b_dimitros;Dimitros;;;;;;;;;;;;;x
b_skoteina;Skoteina;;;;;;;;;;;;;x
b_fotenia;Fotenia;;;;;;;;;;;;;x

c_aiginio;Aiginio;;;;;;;;;;;;;x
b_kolindros;Kolindros;;;;;;;;;;;;;x
b_katachas;Katachas;;;;;;;;;;;;;x
b_methoni;Methoni;;;;;;;;;;;;;x
b_makrygialos;Makrgialos;;;;;;;;;;;;;x
b_aigou;Aigou;;;;;;;;;;;;;x
b_megali;Megali;;;;;;;;;;;;;x
b_gefyra;Gefyra;;;;;;;;;;;;;x
b_meliki;Meiki;;;;;;;;;;;;;x

c_madrid;Madrid;;;;;;;;;;;;;x
b_rozas;Rozas;;;;;;;;;;;;;x
b_mostoles;Mostoles;;;;;;;;;;;;;x
b_leganes;Leganes;;;;;;;;;;;;;x
b_vallecas;Vallecas;;;;;;;;;;;;;x
b_chamartin;Chamartin;;;;;;;;;;;;;x
b_barajas;Barajas;;;;;;;;;;;;;x
b_atocha;Atocha;;;;;;;;;;;;;x
b_colinas;Colinas;;;;;;;;;;;;;x

c_rosalejo;Rosalejo;;;;;;;;;;;;;x
b_talayulea;Talayulea;;;;;;;;;;;;;x
b_mesillas;Mesillas;;;;;;;;;;;;;x
b_cuaternos;Cuaternos;;;;;;;;;;;;;x
b_barqullia;Barqullia;;;;;;;;;;;;;x
b_corchuela;Corchuela;;;;;;;;;;;;;x
b_tietar;Tietar;;;;;;;;;;;;;x
b_palancoso;Palancoso;;;;;;;;;;;;;x
b_oropesa;Oropesa;;;;;;;;;;;;;x

c_borba;Borba;;;;;;;;;;;;;x
b_falcao;Falcao;;;;;;;;;;;;;x
b_machede;Machede;;;;;;;;;;;;;x
b_cabida;Cabida;;;;;;;;;;;;;x
b_sapatoa;Sapatoa;;;;;;;;;;;;;x
b_corval;Corval;;;;;;;;;;;;;x
b_barrocal;Barrocal;;;;;;;;;;;;;x
b_cerros;Cerros;;;;;;;;;;;;;x
b_campo;Campo;;;;;;;;;;;;;x

c_manerbio;Manerbio;;;;;;;;;;;;;x
b_offlaga;Offlaga;;;;;;;;;;;;;x
b_cignano;Cignano;;;;;;;;;;;;;x
b_cascinae;Cascinae;;;;;;;;;;;;;x
b_leno;Leno;;;;;;;;;;;;;x
b_bassanoa;Bassanoa;;;;;;;;;;;;;x
b_remondina;Remondina;;;;;;;;;;;;;x
b_libera;Libera;;;;;;;;;;;;;x
b_brolo;Brolo;;;;;;;;;;;;;x

c_ellhofen;Ellhofen;;;;;;;;;;;;;x
b_obersulm;Obersulm;;;;;;;;;;;;;x
b_grantschen;Grantschen;;;;;;;;;;;;;x
b_wimmental;Wimmental;;;;;;;;;;;;;x
b_sulzbach;Sulzbach;;;;;;;;;;;;;x
b_eberstadt;Eberstadt;;;;;;;;;;;;;x
b_klingenhof;Klingenhof;;;;;;;;;;;;;x
b_holzern;Holzern;;;;;;;;;;;;;x
b_binswangen;Binswangen;;;;;;;;;;;;;x

c_zurbergen;Zurbergen;;;;;;;;;;;;;x
b_mareiburgen;Mareiburgen;;;;;;;;;;;;;x
b_rotburstad;Rotburstad;;;;;;;;;;;;;x
b_kamphen;Kamphen;;;;;;;;;;;;;x
b_bourgstadt;Bourgstadt;;;;;;;;;;;;;x
b_rodstad;Rodstad;;;;;;;;;;;;;x
b_aarien;Aarien;;;;;;;;;;;;;x
b_spezeier;Spezeier;;;;;;;;;;;;;x
b_aldophie;Aldophie;;;;;;;;;;;;;x

c_steteinen;Steteinen;;;;;;;;;;;;;x
b_marburgen;Marburgen;;;;;;;;;;;;;x
b_steteinenburg;Steteinenburg;;;;;;;;;;;;;x
b_hauphstadt;Hauphstadt;;;;;;;;;;;;;x
b_frankenbourg;Frankenbourg;;;;;;;;;;;;;x
b_kaapstadt;Kaapstadt;;;;;;;;;;;;;x
b_brauwerijhoffen;Brauwerijhoffen;;;;;;;;;;;;;x
b_nordweststadt;Nordweststadt;;;;;;;;;;;;;x
b_jeizenbrauch;Jeizenbrauch;;;;;;;;;;;;;x

c_gelnhausen;Gelnhausen;;;;;;;;;;;;;x
b_aichach;Aichach;;;;;;;;;;;;;x
b_meuselwitz;Meuselwitz;;;;;;;;;;;;;x
b_neustadt;Neustadt;;;;;;;;;;;;;x
b_einbeck;Einbeck;;;;;;;;;;;;;x
b_falkenberge;Falkenberge;;;;;;;;;;;;;x
b_klingenberg;Klingenberg;;;;;;;;;;;;;x
b_steinbach;Steinbach;;;;;;;;;;;;;x
b_gehrden;Gehrden;;;;;;;;;;;;;x

c_rimpar;Rimpar;;;;;;;;;;;;;x
b_waldbrunn;Waldbrunn;;;;;;;;;;;;;x
b_delitzsch;Delitzsch;;;;;;;;;;;;;x
b_leere;Leere;;;;;;;;;;;;;x
b_lauf;Lauf;;;;;;;;;;;;;x
b_lindaue;Lindaue;;;;;;;;;;;;;x
b_sinsheim;Sinsheim;;;;;;;;;;;;;x
b_plon;Plon;;;;;;;;;;;;;x
b_nordene;Nordene;;;;;;;;;;;;;x
c_trente;Trente;;;;;;;;;;;;;x
b_trenteo;Trenteo;;;;;;;;;;;;;x

c_bischberg;Bischberg;;;;;;;;;;;;;x
b_suhl;Suhl;;;;;;;;;;;;;x
b_elsterwerda;Elsterwerda;;;;;;;;;;;;;x
b_biedenkopf;Biedenkopf;;;;;;;;;;;;;x
b_mulheim;Mulheim;;;;;;;;;;;;;x
b_salzwedele;Salzwedele;;;;;;;;;;;;;x
b_meller;Meller;;;;;;;;;;;;;x
b_gengenbach;Gengenbach;;;;;;;;;;;;;x
b_quedlinburg;Quedlinburg;;;;;;;;;;;;;x

c_ebeleben;Ebeleben;;;;;;;;;;;;;x
b_bernburg;Bernburge;;;;;;;;;;;;;x
b_schmalkaldene;Malkaldene;;;;;;;;;;;;;x
b_merzig;Merzig;;;;;;;;;;;;;x
b_ilsenburg;Ilsenburg;;;;;;;;;;;;;x
b_konigsee;Konigsee;;;;;;;;;;;;;x
b_gladbeck;Gladbeck;;;;;;;;;;;;;x
b_leibnitze;Leibnitze;;;;;;;;;;;;;x
b_werdau;Werdau;;;;;;;;;;;;;x

c_aldorf;Aldorf;;;;;;;;;;;;;x
b_malchow;Malchow;;;;;;;;;;;;;x
b_zirndorf;Zirndorf;;;;;;;;;;;;;x
b_calbe;Calbe;;;;;;;;;;;;;x
b_gundelfingen;Gundelfingen;;;;;;;;;;;;;x
b_werneuchen;Werneuchen;;;;;;;;;;;;;x
b_paderbornen;Paderbornen;;;;;;;;;;;;;x
b_brackenheim;Brackenheim;;;;;;;;;;;;;x
b_oelsnitz;Oelsnitz;;;;;;;;;;;;;x

c_nersingen;Nersingen;;;;;;;;;;;;;x
b_halver;Halver;;;;;;;;;;;;;x
b_gerstungen;Gerstungen;;;;;;;;;;;;;x
b_gernsbach;Gernsbach;;;;;;;;;;;;;x
b_geilenkirchen;Geilenkirchen;;;;;;;;;;;;;x
b_gartz;Gartz;;;;;;;;;;;;;x
b_gartzen;Gartzen;;;;;;;;;;;;;x
b_ostfildern;Ostfildern;;;;;;;;;;;;;x
b_geiestland;Geiestland;;;;;;;;;;;;;x

c_lohra;Lohra;;;;;;;;;;;;;x
b_lohra;Lohrai;;;;;;;;;;;;;x
b_gaggenau;Gaggenau;;;;;;;;;;;;;x
b_oederan;Oederan;;;;;;;;;;;;;x
b_gundelsheim;Gundelsheim;;;;;;;;;;;;;x
b_griesheim;Griesheim;;;;;;;;;;;;;x
b_glinde;Glinde;;;;;;;;;;;;;x
b_goldbergen;Goldbergen;;;;;;;;;;;;;x
b_guben;Guben;;;;;;;;;;;;;x

c_agrosi;Agrosi;;;;;;;;;;;;;x
b_balystrai;Balystrai;;;;;;;;;;;;;x
b_beloso;Beloso;;;;;;;;;;;;;x
b_brykos;Brykos;;;;;;;;;;;;;x
b_brytoni;Brytoni;;;;;;;;;;;;;x
b_belyraia;Belyraia;;;;;;;;;;;;;x
b_brythos;Brythos;;;;;;;;;;;;;x
b_barytos;Barytos;;;;;;;;;;;;;x
b_beleria;Beleria;;;;;;;;;;;;;x

c_lefekara;Lefekara;;;;;;;;;;;;;x
b_drykos;Drykos;;;;;;;;;;;;;x
b_zyron;Zyron;;;;;;;;;;;;;x
b_phylakos;Phylakos;;;;;;;;;;;;;x
b_lysaros;Lysaros;;;;;;;;;;;;;x
b_kythos;Kythos;;;;;;;;;;;;;x
b_nyktos;Nyktos;;;;;;;;;;;;;x
b_zythos;Zythos;;;;;;;;;;;;;x
b_pylos;Pylos;;;;;;;;;;;;;x

c_cakopetie;Cakopetie;;;;;;;;;;;;;x
b_lynxos;Lynxos;;;;;;;;;;;;;x
b_zyridos;Zyridos;;;;;;;;;;;;;x
b_drythosa;Drythosa;;;;;;;;;;;;;x
b_kylosi;Kylosi;;;;;;;;;;;;;x
b_phrykose;Phrykose;;;;;;;;;;;;;x
b_myrtoz;Myrtoz;;;;;;;;;;;;;x
b_gyrosiee;Gyrosiee;;;;;;;;;;;;;x
b_zyroso;Zyroso;;;;;;;;;;;;;x

c_balii;Balii;;;;;;;;;;;;;x
b_kyptoss;Kyptoss;;;;;;;;;;;;;x
b_zyphose;Zyphose;;;;;;;;;;;;;x
b_nyphosa;Nyphosa;;;;;;;;;;;;;x
b_drymoss;Drymoss;;;;;;;;;;;;;x
b_sylasi;Sylasi;;;;;;;;;;;;;x
b_mythosei;Mythosei;;;;;;;;;;;;;x
b_glyptosa;Glyptosa;;;;;;;;;;;;;x
b_tryndose;Tryndose;;;;;;;;;;;;;x

c_malie;Malie;;;;;;;;;;;;;x
b_lyptose;Lyptose;;;;;;;;;;;;;x
b_zygossa;Zygossa;;;;;;;;;;;;;x
b_pythosai;Pythosai;;;;;;;;;;;;;x
b_nykosei;Nykosei;;;;;;;;;;;;;x
b_kryptosius;Kryptosius;;;;;;;;;;;;;x
b_zyptose;Zyptose;;;;;;;;;;;;;x
b_drytisia;Drytisia;;;;;;;;;;;;;x
b_phyloni;Phyloni;;;;;;;;;;;;;x

c_trebben;Trebben;;;;;;;;;;;;;x
b_echthal;Echthal;;;;;;;;;;;;;x
b_erndorf;Erndorf;;;;;;;;;;;;;x
b_ronnstadt;Ronnstadt;;;;;;;;;;;;;x
b_oettigen;Oettigen;;;;;;;;;;;;;x
b_lumstadt;Lumstadt;;;;;;;;;;;;;x
b_rasseldorf;Rasseldorf;;;;;;;;;;;;;x
b_ronnenbach;Ronnenbach;;;;;;;;;;;;;x

c_affingen;Affingen;;;;;;;;;;;;;x
b_ickendorfen;Ickendorfen;;;;;;;;;;;;;x
b_ruendorf;Ruendorf;;;;;;;;;;;;;x
b_uchenauen;Uchenauen;;;;;;;;;;;;;x
b_rambergen;Rambergen;;;;;;;;;;;;;x
b_adenfurtz;Adenfurtz;;;;;;;;;;;;;x
b_rigenauen;Rigenauen;;;;;;;;;;;;;x
b_eckersbachen;Eckersbachen;;;;;;;;;;;;;x
b_eckendorfenr;Eckendorfenr;;;;;;;;;;;;;x

c_ciminna;Ciminna;;;;;;;;;;;;;x
b_ruggios;Ruggios;;;;;;;;;;;;;x
b_azzanoi;Azzanoi;;;;;;;;;;;;;x
b_ellanoa;Ellanoa;;;;;;;;;;;;;x
b_izzunoa;Izzunoa;;;;;;;;;;;;;x
b_ernianoe;Ernianoe;;;;;;;;;;;;;x
b_ertinoi;Ertinoi;;;;;;;;;;;;;x
b_ustinoa;Ustinoa;;;;;;;;;;;;;x
b_ellinie;Ellinie;;;;;;;;;;;;;x

c_comiso;Comiso;;;;;;;;;;;;;x
b_ondenoi;Ondenoi;;;;;;;;;;;;;x
b_ernadelloa;Ernadelloa;;;;;;;;;;;;;x
b_esantea;Esantea;;;;;;;;;;;;;x
b_ruttinoa;Ruttinoa;;;;;;;;;;;;;x
b_izzarrie;Izzarrie;;;;;;;;;;;;;x
b_ettinoe;Ettinoe;;;;;;;;;;;;;x
b_ortolinoa;Ortolinoa;;;;;;;;;;;;;x
b_issonie;Issonie;;;;;;;;;;;;;x

c_el_fahs;El Fahs;;;;;;;;;;;;;x
b_ouha;Ouha;;;;;;;;;;;;;x
b_ekhta;Ekhta;;;;;;;;;;;;;x
b_ardoun;Ardoun;;;;;;;;;;;;;x
b_ourika;Ourika;;;;;;;;;;;;;x
b_ensour;Ensour;;;;;;;;;;;;;x
b_ejarn;Ejarn;;;;;;;;;;;;;x
b_oujma;Oujma;;;;;;;;;;;;;x
b_essa;Essa;;;;;;;;;;;;;x

c_sersi;Sersi;;;;;;;;;;;;;x
b_ousai;Ousai;;;;;;;;;;;;;x
b_ahara;Ahara;;;;;;;;;;;;;x
b_irzal;Irzal;;;;;;;;;;;;;x
b_elkhad;Elkhad;;;;;;;;;;;;;x
b_ensaha;Ensaha;;;;;;;;;;;;;x
b_ejrane;Ejrane;;;;;;;;;;;;;x
b_ezizae;Ezizae;;;;;;;;;;;;;x
b_ourb;Ourb;;;;;;;;;;;;;x

c_abid;Abid;;;;;;;;;;;;;x
b_ouknine;Ouknine;;;;;;;;;;;;;x
b_egri;Egri;;;;;;;;;;;;;x
b_almak;Almak;;;;;;;;;;;;;x
b_orsa;Orsa;;;;;;;;;;;;;x
b_egwara;Egwara;;;;;;;;;;;;;x
b_ammou;Ammou;;;;;;;;;;;;;x
b_esseira;Esseira;;;;;;;;;;;;;x
b_ezguir;Ezguir;;;;;;;;;;;;;x

c_nefza;Nefza;;;;;;;;;;;;;x
b_oujfa;Oujfa;;;;;;;;;;;;;x
b_ejilla;Ejilla;;;;;;;;;;;;;x
b_eftir;Eftir;;;;;;;;;;;;;x
b_echri;Echri;;;;;;;;;;;;;x
b_eghin;Eghin;;;;;;;;;;;;;x
b_orgha;Orgha;;;;;;;;;;;;;x
b_ajila;Ajila;;;;;;;;;;;;;x
b_ezina;Ezina;;;;;;;;;;;;;x

c_bargou;Bargou;;;;;;;;;;;;;x
b_ensalem;Ensalem;;;;;;;;;;;;;x
b_oumedi;Oumedi;;;;;;;;;;;;;x
b_ezzarga;Ezzarga;;;;;;;;;;;;;x
b_elgarni;Elgarni;;;;;;;;;;;;;x
b_oukhirai;Oukhirai;;;;;;;;;;;;;x
b_erhemi;Erhemi;;;;;;;;;;;;;x
b_essoumi;Essoumi;;;;;;;;;;;;;x
b_ennourie;Ennourie;;;;;;;;;;;;;x

c_chetaibi;Chetaibi;;;;;;;;;;;;;x
b_oukassa;Oukassa;;;;;;;;;;;;;x
b_ahramiae;Ahramiae;;;;;;;;;;;;;x
b_ejlassi;Ejlassi;;;;;;;;;;;;;x
b_elloubi;Elloubi;;;;;;;;;;;;;x
b_irzami;Irzami;;;;;;;;;;;;;x
b_oukhlas;Oukhlas;;;;;;;;;;;;;x
b_essahie;Essahie;;;;;;;;;;;;;x
b_eghmiriye;Eghmiriye;;;;;;;;;;;;;x

c_laazib;Laazib;;;;;;;;;;;;;x
b_ellafi;Ellafi;;;;;;;;;;;;;x
b_ouhali;Ouhali;;;;;;;;;;;;;x
b_eskari;Eskari;;;;;;;;;;;;;x
b_ikranie;Ikranie;;;;;;;;;;;;;x
b_enzina;Enzina;;;;;;;;;;;;;x
b_ouzidi;Ouzidi;;;;;;;;;;;;;x
b_ashiria;Ashiria;;;;;;;;;;;;;x
b_ajhemi;Ajhemi;;;;;;;;;;;;;x

c_abensberg;Abensberg;;;;;;;;;;;;;x
b_eckenheimen;Eckhenheimen;;;;;;;;;;;;;x
b_ollingen;Ollingen;;;;;;;;;;;;;x
b_erzheim;Erzheim;;;;;;;;;;;;;x
b_urckersdorf;Urckersdorf;;;;;;;;;;;;;x
b_achstadten;Achstadten;;;;;;;;;;;;;x
b_orstadten;Orstadten;;;;;;;;;;;;;x
b_ruuckenau;Ruuckenau;;;;;;;;;;;;;x
b_ickenbachen;Ickenbachen;;;;;;;;;;;;;x

c_chavari;Chavari;;;;;;;;;;;;;x
b_ahramabadi;Ahramabadi;;;;;;;;;;;;;x
b_ostanabadi;Ostanabadi;;;;;;;;;;;;;x
b_arezanabadi;Arzenabadi;;;;;;;;;;;;;x
b_amakabadi;Amakabadi;;;;;;;;;;;;;x
b_azarganabadi;Azarganabadi;;;;;;;;;;;;;x
b_irjandabadi;Irjanabadi;;;;;;;;;;;;;x
b_orazanabadi;Orazanabadi;;;;;;;;;;;;;x
b_ahramanabadi;Ahramanabadi;;;;;;;;;;;;;x

c_hawijal;Hawijal;;;;;;;;;;;;;x
b_olurabadi;Olurabadi;;;;;;;;;;;;;x
b_abrishamabadi;Abrishamabadi;;;;;;;;;;;;;x
b_orzooabadi;Orzooabadi;;;;;;;;;;;;;x
b_amanabadi;Amanabadi;;;;;;;;;;;;;x
b_azanganabade;Azanganabade;;;;;;;;;;;;;x
b_oshkanabadi;Oshkanabadi;;;;;;;;;;;;;x
b_arzandanabadi;Arzandanbade;;;;;;;;;;;;;x
b_amirabade;Amirabade;;;;;;;;;;;;;x

c_makhmuri;Makhmuri;;;;;;;;;;;;;x
b_ahadorabad;Ahadorabad;;;;;;;;;;;;;x
b_orujabad;Orujabad;;;;;;;;;;;;;x
b_astamabad;Astamabad;;;;;;;;;;;;;x
b_ahramabade;Ahramabad;;;;;;;;;;;;;x
b_ostadabad;Ostadabad;;;;;;;;;;;;;x
b_ahmanabade;Ahmanabad;;;;;;;;;;;;;x
b_ostavabade;Ostavabade;;;;;;;;;;;;;x
b_ezabanabad;Ezabanabad;;;;;;;;;;;;;x

c_bayjie;Bayjie;;;;;;;;;;;;;x
b_abnousabad;Abnousabad;;;;;;;;;;;;;x
b_arjomandabad;Arjomandabad;;;;;;;;;;;;;x
b_ojanabad;Ojanabad;;;;;;;;;;;;;x
b_akbarabade;Akbarabad;;;;;;;;;;;;;x
b_oshidabad;Oshidabad;;;;;;;;;;;;;x
b_arasabad;Arasabad;;;;;;;;;;;;;x
b_ashkanabade;Ashkanabade;;;;;;;;;;;;;x
b_azadabad;Azadabad;;;;;;;;;;;;;x

c_kalake;Kalake;;;;;;;;;;;;;x
b_ehteshamabad;Ehteshamabad;;;;;;;;;;;;;x
b_oshrafiabad;Oshrafiabad;;;;;;;;;;;;;x
b_astaniabade;Astaniabade;;;;;;;;;;;;;x
b_oloumabadie;Oloumabadie;;;;;;;;;;;;;x
b_ahramiabad;Ahramiabad;;;;;;;;;;;;;x
b_arzaniabad;Arzaniabad;;;;;;;;;;;;;x
b_ostavarabad;Ostavarabad;;;;;;;;;;;;;x
b_arjomandiabad;Arjomandiabad;;;;;;;;;;;;;x

c_nasiriye;Nasiriye;;;;;;;;;;;;;x
b_olamabad;Olamabad;;;;;;;;;;;;;x
b_ahmadiabade;Ahmadiabade;;;;;;;;;;;;;x
b_ostaniabada;Ostaniabad;;;;;;;;;;;;;x
b_amiriabada;Amiriabad;;;;;;;;;;;;;x
b_orozganiabada;Orozganiabad;;;;;;;;;;;;;x
b_asghariabada;Asghariabad;;;;;;;;;;;;;x
b_ozgoliabada;Ozgoliabad;;;;;;;;;;;;;x
b_abtahiabada;Abtahiabad;;;;;;;;;;;;;x

c_ibadaia;Ibadaia;;;;;;;;;;;;;x
b_eshratabad;Eshratabad;;;;;;;;;;;;;x
b_ozorgabad;Ozorgabad;;;;;;;;;;;;;x
b_arababad;Arabad;;;;;;;;;;;;;x
b_ardalanabad;Ardalanabad;;;;;;;;;;;;;x
b_ehsanabad;Ehsanabad;;;;;;;;;;;;;x
b_orzooabad;Orzooabadr;;;;;;;;;;;;;x
b_ahmadiabadar;Ahmadiabadar;;;;;;;;;;;;;x
b_oloomabad;Oloomabad;;;;;;;;;;;;;x

c_nawarie;Nawarie;;;;;;;;;;;;;x
b_ahmadianabad;Ahmadianabad;;;;;;;;;;;;;x
b_oroumiabad;Ormoumiabad;;;;;;;;;;;;;x
b_ozganabad;Ozganabad;;;;;;;;;;;;;x
b_armanabad;Armanabad;;;;;;;;;;;;;x
b_aslanabad;Aslanabad;;;;;;;;;;;;;x
b_ezatabad;Eztabad;;;;;;;;;;;;;x
b_olaghabad;Olaghabad;;;;;;;;;;;;;x
b_orojabad;Orojabad;;;;;;;;;;;;;x

c_razazia;Razazia;;;;;;;;;;;;;x
b_ahrami;Ahrami;;;;;;;;;;;;;x
b_esharatie;Esharatie;;;;;;;;;;;;;x
b_oruje;Oruje;;;;;;;;;;;;;x
b_ostarie;Ostarie;;;;;;;;;;;;;x
b_astariae;Astariae;;;;;;;;;;;;;x
b_olami;Olami;;;;;;;;;;;;;x
b_ahmadie;Ahmadie;;;;;;;;;;;;;x
b_arzanie;Arzanie;;;;;;;;;;;;;x

c_vastoe;Vastoe;;;;;;;;;;;;;x
b_alduccio;Alduccio;;;;;;;;;;;;;x
b_ellavista;Ellavista;;;;;;;;;;;;;x
b_arbarossa;Arbarossa;;;;;;;;;;;;;x
b_ellagio;Ellagio;;;;;;;;;;;;;x
b_ertuccio;Ertuccio;;;;;;;;;;;;;x
b_runello;Runello;;;;;;;;;;;;;x
b_iscotti;Iscotti;;;;;;;;;;;;;x
b_ianchetti;Ianchetti;;;;;;;;;;;;;x

c_massaar;Massaar;;;;;;;;;;;;;x
b_onavista;Onavista;;;;;;;;;;;;;x
b_ravettoe;Ravettoe;;;;;;;;;;;;;x
b_raviccioa;Raviccioa;;;;;;;;;;;;;x
b_enettonie;Enettonie;;;;;;;;;;;;;x
b_occassini;Occassini;;;;;;;;;;;;;x
b_ravitolo;Ravitolo;;;;;;;;;;;;;x
b_ravinia;Ravinia;;;;;;;;;;;;;x
b_isolatoe;Isolatoe;;;;;;;;;;;;;x

c_arzon;Arzon;;;;;;;;;;;;;x
b_ellefontaine;Ellefontaine;;;;;;;;;;;;;x
b_ourgeois;Ourgeois;;;;;;;;;;;;;x
b_eauchamp;Eauchamp;;;;;;;;;;;;;x
b_oulanger;Oulanger;;;;;;;;;;;;;x
b_eauregard;Eauregard;;;;;;;;;;;;;x
b_onaventure;Onaventure;;;;;;;;;;;;;x
b_ouvierea;Ouvierea;;;;;;;;;;;;;x
b_eaumont;Eaumont;;;;;;;;;;;;;x

c_frejuse;Frejuse;;;;;;;;;;;;;x
b_ouvain;Ouvain;;;;;;;;;;;;;x
b_ourbon;Ourbon;;;;;;;;;;;;;x
b_oulete;Oulete;;;;;;;;;;;;;x
b_eaurepaire;Eaurepaire;;;;;;;;;;;;;x
b_ernard;Ernard;;;;;;;;;;;;;x
b_ouvete;Ouvete;;;;;;;;;;;;;x
b_oulangerie;Oulangerie;;;;;;;;;;;;;x
b_ourgeoisiei;Ourgeoisisie;;;;;;;;;;;;;x

c_allosei;Allosei;;;;;;;;;;;;;x
b_ouvier;Ouviere;;;;;;;;;;;;;x
b_arbieri;Arbieri;;;;;;;;;;;;;x
b_onnarde;Onnarde;;;;;;;;;;;;;x
b_astienie;Astienie;;;;;;;;;;;;;x
b_eaumonte;Eaumonte;;;;;;;;;;;;;x
b_erniere;Erniere;;;;;;;;;;;;;x
b_ernadottei;Ernadottei;;;;;;;;;;;;;x
b_eauregarder;Eauregarder;;;;;;;;;;;;;x

c_vife;Vife;;;;;;;;;;;;;x
b_ourbona;Ourbona;;;;;;;;;;;;;x
b_ellerosei;Ellerosei;;;;;;;;;;;;;x
b_oulangereara;Oulangereara;;;;;;;;;;;;;x
b_ellefleurie;Ellefleurie;;;;;;;;;;;;;x
b_eaujolaise;Eaujolaise;;;;;;;;;;;;;x
b_ellamyier;Ellaymier;;;;;;;;;;;;;x
b_elleriver;Elleriver;;;;;;;;;;;;;x
b_oulayr;Oulayr;;;;;;;;;;;;;x

c_rivesi;Rivesi;;;;;;;;;;;;;x
b_ouletr;Ouletr;;;;;;;;;;;;;x
b_ourgeoisr;Ourgeoisr;;;;;;;;;;;;;x
b_audine;Audine;;;;;;;;;;;;;x
b_eaufortr;Eaufortr;;;;;;;;;;;;;x
b_onnardera;Onnardera;;;;;;;;;;;;;x
b_ertine;Ertine;;;;;;;;;;;;;x
b_eauregardre;Eauregardre;;;;;;;;;;;;;x
b_riandir;Riandir;;;;;;;;;;;;;x

c_boulocre;Boulocre;;;;;;;;;;;;;x
b_elleroseter;Elleroseter;;;;;;;;;;;;;x
b_ourbonneir;Ourbonneir;;;;;;;;;;;;;x
b_eaubourger;Eaubourger;;;;;;;;;;;;;x
b_oulangere;Oulangerei;;;;;;;;;;;;;x
b_ienviller;Ienviller;;;;;;;;;;;;;x
b_ercyier;Ercyier;;;;;;;;;;;;;x
b_audetere;Audetere;;;;;;;;;;;;;x
b_ourdiner;Ourdiner;;;;;;;;;;;;;x
b_eckendorfen;Eckendorfen;;;;;;;;;;;;;x

c_jurgen;Jurgen;;;;;;;;;;;;;x
b_eckerstadtz;Eckerstadtz;;;;;;;;;;;;;x
b_eckendorfenr;Eckendorfz;;;;;;;;;;;;;x
b_auerbachen;Auerbachen;;;;;;;;;;;;;x
b_uchenwalder;Uchenwalder;;;;;;;;;;;;;x
b_ergmannie;Ergmannie;;;;;;;;;;;;;x
b_ergsteinen;Ergsteinen;;;;;;;;;;;;;x
b_achmannen;Achmannen;;;;;;;;;;;;;x
b_auerhoffer;Auerhoffer;;;;;;;;;;;;;x

c_agerskophen;Agerskophen;;;;;;;;;;;;;x
b_eckert;Eckert;;;;;;;;;;;;;x
b_ulowitz;Ulowitz;;;;;;;;;;;;;x
b_ernhardt;Ernhardt;;;;;;;;;;;;;x
b_uchnern;Uchnern;;;;;;;;;;;;;x
b_eckmanni;Eckmanni;;;;;;;;;;;;;x
b_ohmberger;Ohmberger;;;;;;;;;;;;;x
b_acheri;Acheri;;;;;;;;;;;;;x
b_ermanne;Ermanne;;;;;;;;;;;;;x

c_dagebulle;Dagebulle;;;;;;;;;;;;;x
b_achendorfi;Achendorfi;;;;;;;;;;;;;x
b_eckerfelde;Eckerfelde;;;;;;;;;;;;;x
b_aarnerberg;Aarnerberg;;;;;;;;;;;;;x
b_eckendorfre;Eckendorfre;;;;;;;;;;;;;x
b_ohmstadt;Ohmstadt;;;;;;;;;;;;;x
b_auerfelde;Auerfelde;;;;;;;;;;;;;x
b_eckmannene;Eckmannene;;;;;;;;;;;;;x
b_ergerhausenen;Ergerhausenen;;;;;;;;;;;;;x

c_nerpio;Nerpio;;;;;;;;;;;;;x
b_arriosa;Arriosa;;;;;;;;;;;;;x
b_uenavistas;Uenavistas;;;;;;;;;;;;;x
b_anderasa;Anderasa;;;;;;;;;;;;;x
b_ernardoa;Ernardoa;;;;;;;;;;;;;x
b_alagueri;Alagueri;;;;;;;;;;;;;x
b_arceloa;Arceloa;;;;;;;;;;;;;x
b_alboae;Alboae;;;;;;;;;;;;;x
b_anderasas;Anderasas;;;;;;;;;;;;;x

c_zujario;Zujario;;;;;;;;;;;;;x
b_anosio;Anosio;;;;;;;;;;;;;x
b_erlangae;Erlangae;;;;;;;;;;;;;x
b_errioa;Errioa;;;;;;;;;;;;;x
b_alverdea;Alverdea;;;;;;;;;;;;;x
b_anueloso;Anueloso;;;;;;;;;;;;;x
b_orrasie;Orrasie;;;;;;;;;;;;;x
b_eatriza;Eatriza;;;;;;;;;;;;;x
b_ilbaoia;Ilbaoia;;;;;;;;;;;;;x

c_motrile;Motrile;;;;;;;;;;;;;x
b_arrosoa;Arrosoa;;;;;;;;;;;;;x
b_uenavistae;Uenavistae;;;;;;;;;;;;;x
b_ravosa;Ravosa;;;;;;;;;;;;;x
b_esitoa;Esitoa;;;;;;;;;;;;;x
b_ernabea;Ernabea;;;;;;;;;;;;;x
b_alboaei;Alboaei;;;;;;;;;;;;;x
b_odegae;Odegae;;;;;;;;;;;;;x
b_anderase;Anderase;;;;;;;;;;;;;x

c_woodstock;Woodstock;;;;;;;;;;;;;x
b_rockton;Rockton;;;;;;;;;;;;;x
b_ayfield;Ayfield;;;;;;;;;;;;;x
b_ellington;Ellington;;;;;;;;;;;;;x
b_rookshire;Rookshire;;;;;;;;;;;;;x
b_arnsley;Arnsley;;;;;;;;;;;;;x
b_ramford;Ramford;;;;;;;;;;;;;x
b_rentwood;Rentwood;;;;;;;;;;;;;x
b_urley;Urley;;;;;;;;;;;;;x

c_thirsk;Thirsk;;;;;;;;;;;;;x
b_eckford;Eckford;;;;;;;;;;;;;x
b_ishopsgate;Shopsgate;;;;;;;;;;;;;x
b_arton;Arton;;;;;;;;;;;;;x
b_uxton;Uxton;;;;;;;;;;;;;x
b_ristol;Ristol;;;;;;;;;;;;;x
b_ramley;Ramley;;;;;;;;;;;;;x
b_irmingham;Irmingham;;;;;;;;;;;;;x
b_elford;Elford;;;;;;;;;;;;;x

c_newmarket;Newmarket;;;;;;;;;;;;;x
b_ryson;Ryson;;;;;;;;;;;;;x
b_arkley;Arkley;;;;;;;;;;;;;x
b_entley;Entley;;;;;;;;;;;;;x
b_enton;Enton;;;;;;;;;;;;;x
b_axter;Axter;;;;;;;;;;;;;x
b_righton;Righton;;;;;;;;;;;;;x
b_rooks;Rooks;;;;;;;;;;;;;x
b_arlow;Arlow;;;;;;;;;;;;;x

c_esbjerg;Esbjerg;;;;;;;;;;;;;x
b_aekgaarde;Aekgaarde;;;;;;;;;;;;;x
b_ergmanne;Ergmanne;;;;;;;;;;;;;x
b_yggere;Yggere;;;;;;;;;;;;;x
b_jorn;Jorn;;;;;;;;;;;;;x
b_ogelund;Ogelund;;;;;;;;;;;;;x
b_ent;Ent;;;;;;;;;;;;;x
b_rask;Rask;;;;;;;;;;;;;x
b_ogh;Ogh;;;;;;;;;;;;;x

c_gdansk;Turze;;;;;;;;;;;;;x
b_aekgaarder;Aekgaarden;;;;;;;;;;;;;x
b_ergmanner;Ergmanne;;;;;;;;;;;;;x
b_yggerer;Jurger;;;;;;;;;;;;;x
b_ottcher;Ottcher;;;;;;;;;;;;;x
b_auer;Britz;;;;;;;;;;;;;x
b_ecker;Ecker;;;;;;;;;;;;;x
b_rock;Pinnow;;;;;;;;;;;;;x
b_runner;Oder;;;;;;;;;;;;;x

b_coverciaoa;Coverciaoa;;;;;;;;;;;;;x

b_ardzik;Ardzik;;;;;;;;;;;;;x
b_vane;Vane;;;;;;;;;;;;;x
b_aroujan;Aroujan;;;;;;;;;;;;;x
b_erzash;Erzash;;;;;;;;;;;;;x
b_ezdehan;Ezdehan;;;;;;;;;;;;;x
b_oghaza;Oghaza;;;;;;;;;;;;;x
b_aruyr;Aruyr;;;;;;;;;;;;;x
b_arovyan;Arovyan;;;;;;;;;;;;;x
b_aurgurkenburg;Aurgurkenburg;;;;;;;;;;;;;x

c_topoli;Topoli;;;;;;;;;;;;;x

b_ezerova;Ezerova;;;;;;;;;;;;;x
b_kamerana;Kamerana;;;;;;;;;;;;;x
b_vinitsar;Vinitsar;;;;;;;;;;;;;x
b_vaglena;Vaglena;;;;;;;;;;;;;x
b_mladosta;Mladosta;;;;;;;;;;;;;x
b_zelenikar;Zelenikar;;;;;;;;;;;;;x
b_kazashkor;
b_oreshaka;

k_thomas; Kingdom of St. Thomas;;;;;;;;;x

celtic_christian;Insular;;;;;;;;;;;x
celtic_christian_DESC;Insular Christianity (or Celtic Christianity to some) is a form of Christianity that was common, or held to be common, across the Celtic-speaking world during the Early Middle Ages. Some writers have described a distinct Celtic Church uniting the Celtic peoples and distinguishing them from adherents of the Roman Church, while others classify Celtic Christianity as a set of distinctive practices occurring in those areas.;;;;;;;;;;;x
e_qara_qoyunlu;Qara Qoyunlu;;;;;;;;;;;x
e_qara_qoyunlu_adj;Qara Qoyunlu;;;;;;;;;;;x
KINGDOM_KINGDOM_NEW_ITALY;Milan;;;;;;;;;;;x
KINGDOM_KINGDOM_NEW_ITALY_ADJ;Milaneese;;;;;;;;;;;x
E_RASHUDIN_ADJ;Rashudin;;;;;;;;;;;x
ARABIA;Kingdom of Arabia;;;;;;;;;;;;;x
C_BAGHDAD;Baghdad;;;;;;;;;;;x
C_BAGHDAD_ADJ;Baghdadian;;;;;;;;;;;x
KINGDOM_DUTCH_REPUBLIC;Kingdom of the Netherlands;;;;;;;;;;;x
KINGDOM_DUTCH_REPUBLIC_ADJ;Dutch;;;;;;;;;;;x
KINGDOM_KINGDOM_OF_GOD;Kingdom of God;;;;;;;;;;;x
KINGDOM_KINGDOM_OF_GOD_ADJ;Papal;;;;;;;;;;;x
UMAYYAD_INVASION_MISSION_ARMY;Christian Invasion Army;;;;;;;;;;;;;x
HRE_INVASION_MISSION_ARMY;Tribal Invaders;;;;;;;;;;;;;x