From;To;Type;Through;-1;-1;-1;-1;Comment
5;45;sea;1019;-1;-1;-1;-1;Ulaid-Argyll			###SEA
5;50;sea;1019;-1;-1;-1;-1;Ulaid-Galloway
35;40;sea;992;-1;-1;-1;-1;Western Isles-Moray
35;39;sea;992;-1;-1;-1;-1;Western Isles-Ross
36;37;sea;993;-1;-1;-1;-1;Orkney-Caithness
50;54;sea;1019;-1;-1;-1;-1;Galloway-Isle of Man
72;73;sea;965;-1;-1;-1;-1;Essex-Kent
73;74;sea;965;-1;-1;-1;-1;Kent-Guines
78;79;sea;973;-1;-1;-1;-1;Brugge-Zeeland
79;80;sea;973;-1;-1;-1;-1;Zeeland-Holland
79;92;sea;973;-1;-1;-1;-1;Zeeland-Breda
79;93;sea;973;-1;-1;-1;-1;Zeeland-Gent
81;84;sea;973;-1;-1;-1;-1;Westfriesland-Frisia
166;839;sea;954;-1;-1;-1;-1;Algeciras-Ceuta
166;841;sea;954;-1;-1;-1;-1;Algeciras-Tangiers
264;265;sea;999;-1;-1;-1;-1;Slesvig-Fyn
1684;265;sea;999;-1;-1;-1;-1;Åbosyssel-Fyn
265;266;sea;999;-1;-1;-1;-1;Fyn-Sjaelland
266;303;sea;999;-1;-1;-1;-1;Sjaelland-Skåne
265;1687;sea;999;-1;-1;-1;-1;Fyn-Lolland
266;1687;sea;999;-1;-1;-1;-1;Sjaelland-Lolland
263;1687;sea;999;-1;-1;-1;-1;Holstein-Lolland
290;291;sea;1005;-1;-1;-1;-1;Uppland-Åland
290;292;sea;959;-1;-1;-1;-1;Uppland-Södermanland
291;382;sea;1005;-1;-1;-1;-1;Åland-Suomi
931;300;sea;1003;-1;-1;-1;-1;Möre-Öland
303;305;sea;999;-1;-1;-1;-1;Skåne-Bornholm
304;306;sea;999;-1;-1;-1;-1;Rügen-Rostock
304;307;sea;999;-1;-1;-1;-1;Rügen-Werle
1577;1574;sea;1027;-1;-1;-1;-1;Cinarca-Gallura
338;339;sea;1036;-1;-1;-1;-1;Reggio-Messina
1592;376;sea;1004;-1;-1;-1;-1;Tukums-Saaremaa
376;377;sea;1004;-1;-1;-1;-1;Saaremaa-Liivimaa
473;474;sea;1037;-1;-1;-1;-1;Arta-Cephalonia
1889;474;sea;1037;-1;-1;-1;-1;Zakynthos-Cephalonia
1889;476;sea;1037;-1;-1;-1;-1;Zakynthos-Achaia
1881;476;sea;1037;-1;-1;-1;-1;Naupaktos-Achaia
1890;472;sea;1038;-1;-1;-1;-1;Corfu-Epieros
483;747;sea;936;-1;-1;-1;-1;Rhodos-Lykia
484;485;sea;1017;-1;-1;-1;-1;Naxos-Euboia
486;746;sea;1111;-1;-1;-1;-1;Samos-Ephesos
487;744;sea;1111;-1;-1;-1;-1;Lesbos-Abydos
495;744;sea;947;-1;-1;-1;-1;Kaliopolis-Abydos
562;598;sea;969;-1;-1;-1;-1;Korchev-Tmutarakan
826;827;sea;1022;-1;-1;-1;-1;Menorca-Mallorca
858;874;sea;1386;-1;-1;-1;-1;Aden-Tadjoura
1532;874;sea;1386;-1;-1;-1;-1;Zabid-Tadjoura
653;1531;sea;1391;-1;-1;-1;-1;Bahrein-Uwal
651;1531;sea;1391;-1;-1;-1;-1;Damman-Uwal
1295;1331;sea;1293;-1;-1;-1;-1;Kutch-Sonda
301;932;sea;1003;-1;-1;-1;-1;Gotland-Tjust
641;870;sea;1393;-1;-1;-1;-1;Hormuz-Dhu Zabi
496;741;sea;947;-1;-1;-1;-1;Constantinople-Nikomedia
357;356;sea;1110;-1;-1;-1;-1;Treviso-Venezia
259;261;major_river;1046;-1;-1;-1;-1;Celle-Hamburg			#ELBE
258;261;major_river;1046;-1;-1;-1;-1;Lüneburg-Hamburg
309;261;major_river;1046;-1;-1;-1;-1;Altmark-Hamburg
309;262;major_river;1046;-1;-1;-1;-1;Altmark-Lübeck
309;260;major_river;1047;-1;-1;-1;-1;Altmark-Mecklenburg
309;1988;major_river;1047;-1;-1;-1;-1;Werben-Havelberg
1982;1988;major_river;1048;-1;-1;-1;-1;Magdeburg-Havelberg
1982;310;major_river;1048;-1;-1;-1;-1;Magdeburg-Zerbst
311;364;major_river;1048;-1;-1;-1;-1;Merseburg-Lausitz
311;310;major_river;1048;-1;-1;-1;-1;Merseburg-Zerbst
312;364;major_river;1049;-1;-1;-1;-1;Meissen-Lausitz
312;1589;major_river;1049;-1;-1;-1;-1;Meissen-Gorlitz
1589;1926;major_river;1049;-1;-1;-1;-1;Gorlitz-Zatec
363;1926;major_river;1049;-1;-1;-1;-1;Litomerice-Zatec
80;92;major_river;1043;-1;-1;-1;-1;Holland-Breda		#RHINE
82;92;major_river;1043;-1;-1;-1;-1;Sticht-Breda
89;91;major_river;1043;-1;-1;-1;-1;Kleve-Loon
119;89;major_river;1044;-1;-1;-1;-1;Köln-Kleve
119;1983;major_river;1044;-1;-1;-1;-1;Köln-Berg
118;1983;major_river;1045;-1;-1;-1;-1;Trier-Berg
1981;118;major_river;1045;-1;-1;-1;-1;Frankfurt-Trier
97;99;major_river;1041;-1;-1;-1;-1;Rouen-Evreux		#SEINE
98;99;major_river;1041;-1;-1;-1;-1;Vexin-Evreux
1961;99;major_river;1041;-1;-1;-1;-1;Clermont-Evreux
1961;112;major_river;1042;-1;-1;-1;-1;Clermont-Paris	
106;1957;major_river;1039;-1;-1;-1;-1;Nantes-Retz		
107;1959;major_river;1039;-1;-1;-1;-1;Anjou-Saumur		
107;140;major_river;1040;-1;-1;-1;-1;Anjou-Tours
109;140;major_river;1040;-1;-1;-1;-1;Vendome-Tours
143;149;major_river;1107;-1;-1;-1;-1;Saintonge-Bordeaux		#GARONNE
216;149;major_river;1107;-1;-1;-1;-1;Perigord-Bordeaux
216;215;major_river;1108;-1;-1;-1;-1;Perigord-Agen
214;215;major_river;1108;-1;-1;-1;-1;Toulouse-Agen
368;370;major_river;1051;-1;-1;-1;-1;Gdansk-Marienburg		#VISTULA
368;369;major_river;1051;-1;-1;-1;-1;Gdansk-Chelmno
368;1581;major_river;1052;-1;-1;-1;-1;Gdansk-Dobrzyn
1581;429;major_river;1052;-1;-1;-1;-1;Dobrzyn-Naklo
1581;428;major_river;1052;-1;-1;-1;-1;Dobrzyn-Kujawy
528;529;major_river;1053;-1;-1;-1;-1;Czersk-Plock
528;530;major_river;1054;-1;-1;-1;-1;Czersk-Liw
531;530;major_river;1054;-1;-1;-1;-1;Sandomierz-Liw
531;1584;major_river;1054;-1;-1;-1;-1;Sandomierz-Stezyca
531;1585;major_river;1054;-1;-1;-1;-1;Sandomierz-Lublin
531;532;major_river;1055;-1;-1;-1;-1;Sandomierz-Sacz
1596;1592;major_river;1080;-1;-1;-1;-1;Riga-Tukums		#DAUGAVA
1596;374;major_river;1080;-1;-1;-1;-1;Riga-Zemigaliens
1594;374;major_river;1080;-1;-1;-1;-1;Jersika-Zemigaliens
1594;1591;major_river;1080;-1;-1;-1;-1;Jersika-Selija
416;1591;major_river;1081;-1;-1;-1;-1;WestDvina-Selija
416;934;major_river;1081;-1;-1;-1;-1;WestDvina-Lepiel
419;934;major_river;1081;-1;-1;-1;-1;Polotsk-Lepiel
419;417;major_river;1082;-1;-1;-1;-1;Polotsk-Vitebsk
419;568;major_river;1082;-1;-1;-1;-1;Polotsk-Smolensk
410;568;major_river;1082;-1;-1;-1;-1;Toropets-Smolensk
392;411;major_river;1083;-1;-1;-1;-1;Kexholm-Ingriya		#NEVA & SVIR
392;409;major_river;1083;-1;-1;-1;-1;Kexholm-Ladoga
393;1660;major_river;1084;-1;-1;-1;-1;Olonets-Chlisselbourg
393;404;major_river;1084;-1;-1;-1;-1;Olonets-Zaozerye
1660;409;major_river;1085;-1;-1;-1;-1;Chlisselbourg-Ladoga	#VOLKHOV & LOVAT
1652;409;major_river;1085;-1;-1;-1;-1;Borovichi-Ladoga
1652;414;major_river;1085;-1;-1;-1;-1;Borovichi-Novgorod
1667;1662;major_river;1087;-1;-1;-1;-1;Kholm-Rusa
410;1662;major_river;1087;-1;-1;-1;-1;Toropets-Rusa
410;415;major_river;1087;-1;-1;-1;-1;Toropets-Luki
543;558;major_river;1070;-1;-1;-1;-1;Lower Dnieper-Oleshye	#DNIEPER
543;557;major_river;1070;-1;-1;-1;-1;Lower Dnieper-Lukomorie
543;557;major_river;1071;-1;-1;-1;-1;Lower Dnieper-Chortitza
543;1658;major_river;1071;-1;-1;-1;-1;Lower Dnieper-Hradyzk
544;1658;major_river;1071;-1;-1;-1;-1;Korsun-Hradyzk
544;1657;major_river;1072;-1;-1;-1;-1;Korsun-Voin
547;1657;major_river;1072;-1;-1;-1;-1;Kiev-Voin
547;555;major_river;1072;-1;-1;-1;-1;Kiev-Pereyaslavl
547;554;major_river;1072;-1;-1;-1;-1;Kiev-Chernigov
1653;554;major_river;1076;-1;-1;-1;-1;Slutsk-Chernigov
1659;553;major_river;1076;-1;-1;-1;-1;Drutsk-Lyubech
1659;551;major_river;1077;-1;-1;-1;-1;Drutsk-Mstislavl
418;551;major_river;1077;-1;-1;-1;-1;Orsha-Mstislavl
417;551;major_river;1078;-1;-1;-1;-1;Vitebsk-Mstislavl
568;551;major_river;1078;-1;-1;-1;-1;Smolensk-Mstislavl
568;569;major_river;1078;-1;-1;-1;-1;Smolensk-Vyazma
1653;1649;major_river;1626;-1;-1;-1;-1;Slutsk-Korosten		#PRIPYAT
1653;552;major_river;1079;-1;-1;-1;-1;Slutsk-Turov
548;552;major_river;1079;-1;-1;-1;-1;Pinsk-Turov
548;535;major_river;1079;-1;-1;-1;-1;Pinsk-Volodymyr
554;555;major_river;1073;-1;-1;-1;-1;Chernigov-Pereyaslavl	#DESNA
554;1675;major_river;1073;-1;-1;-1;-1;Chernigov-Priluk
1656;567;major_river;1074;-1;-1;-1;-1;Starodub-Novgorod Seversky
576;1676;major_river;1074;-1;-1;-1;-1;Bryansk-Kromy
576;1666;major_river;1074;-1;-1;-1;-1;Bryansk-Karachev
933;1666;major_river;1074;-1;-1;-1;-1;Roslavl-Karachev
596;597;major_river;1088;-1;-1;-1;-1;Tana-Azov		#DON
596;599;major_river;1088;-1;-1;-1;-1;Tana-Kuban
596;607;major_river;1088;-1;-1;-1;-1;Tana-Sarpa
594;607;major_river;1088;-1;-1;-1;-1;Sarkel-Sarpa
594;605;major_river;1089;-1;-1;-1;-1;Sarkel-Manych
594;595;major_river;1090;-1;-1;-1;-1;Sarkel-DonPortage
594;593;major_river;1090;-1;-1;-1;-1;Sarkel-Khopyor
566;593;major_river;1091;-1;-1;-1;-1;Sugrov-Khopyor
566;579;major_river;1091;-1;-1;-1;-1;Sugrov-Mordva
1665;579;major_river;1091;-1;-1;-1;-1;Yelets-Mordva
1665;577;major_river;1091;-1;-1;-1;-1;Yelets-Pronsk
620;604;major_river;1092;-1;-1;-1;-1;Itil-Kuma		#VOLGA
619;604;major_river;1092;-1;-1;-1;-1;Saray-Kuma
619;605;major_river;1093;-1;-1;-1;-1;Saray-Manych
1812;595;major_river;1094;-1;-1;-1;-1;Saqsin-DonPortage
1812;605;major_river;1094;-1;-1;-1;-1;Saqsin-Manych
1814;595;major_river;1094;-1;-1;-1;-1;Uvek-DonPortage
1814;592;major_river;1094;-1;-1;-1;-1;Uvek-Burtasy
1814;609;major_river;1103;-1;-1;-1;-1;Uvek-Syrt
608;609;major_river;1103;-1;-1;-1;-1;LowerVolga-Syrt
616;609;major_river;1095;-1;-1;-1;-1;Pecheneg-Syrt
610;609;major_river;1096;-1;-1;-1;-1;Bolghar-Syrt
610;614;major_river;1096;-1;-1;-1;-1;Bolghar-Ashli
611;614;major_river;1096;-1;-1;-1;-1;Qazan-Ashli
611;589;major_river;1096;-1;-1;-1;-1;Qazan-Kerzhenets
589;590;major_river;1097;-1;-1;-1;-1;Kerzhenets-Chuvash
585;584;major_river;1098;-1;-1;-1;-1;Gorodets-NizhnyNovgorod
585;582;major_river;1098;-1;-1;-1;-1;Gorodets-Vladimir
407;582;major_river;1099;-1;-1;-1;-1;Kostroma-Vladimir
407;583;major_river;1099;-1;-1;-1;-1;Kostroma-Suzdal
407;572;major_river;1099;-1;-1;-1;-1;Kostroma-Yaroslavl
407;571;major_river;1100;-1;-1;-1;-1;Kostroma-Uglich
407;408;major_river;1100;-1;-1;-1;-1;Kostroma-Belozero
406;408;major_river;1101;-1;-1;-1;-1;Vologda-Belozero
405;408;major_river;1101;-1;-1;-1;-1;Chud-Belozero
403;408;major_river;1101;-1;-1;-1;-1;Romny-Belozero
403;404;major_river;1101;-1;-1;-1;-1;Romny-Zaozerye
584;582;major_river;1102;-1;-1;-1;-1;NizhnyNovgorod-Vladimir		#OKA
591;581;major_river;1102;-1;-1;-1;-1;Cheremisa-Murom
580;581;major_river;1104;-1;-1;-1;-1;Ryazan-Murom
580;1678;major_river;1104;-1;-1;-1;-1;Ryazan-OrekhovoOulevo
578;1678;major_river;1104;-1;-1;-1;-1;Tula-OrekhovoOulevo
1679;1677;major_river;1673;-1;-1;-1;-1;Serpukhov-NaroFominsk
1679;587;major_river;1673;-1;-1;-1;-1;Serpukhov-Mozhaysk
1650;587;major_river;1673;-1;-1;-1;-1;Vorotynsk-Mozhaysk
1650;1682;major_river;1674;-1;-1;-1;-1;Vorotynsk-Kozelsk
1650;1666;major_river;1674;-1;-1;-1;-1;Vorotynsk-Karachev
1677;1678;major_river;1105;-1;-1;-1;-1;NaroFominsk-OrekhovoOulevo
1677;575;major_river;1105;-1;-1;-1;-1;NaroFominsk-Moskva
1677;1669;major_river;1105;-1;-1;-1;-1;NaroFominsk-Kashin
570;1669;major_river;1106;-1;-1;-1;-1;Tver-Kashin
570;1668;major_river;1106;-1;-1;-1;-1;Tver-Rzheva
1672;1668;major_river;1106;-1;-1;-1;-1;Zoubtsov-Rzheva
410;1668;major_river;1106;-1;-1;-1;-1;Toropets-Rzheva
410;412;major_river;1106;-1;-1;-1;-1;Toropets-Torzhok
610;611;major_river;1628;-1;-1;-1;-1;Bolghar-Qazan		#KAMA
610;1716;major_river;1628;-1;-1;-1;-1;Bolghar-Kremenchuk
613;1716;major_river;1628;-1;-1;-1;-1;Bilyar-Kremenchuk
613;1717;major_river;1628;-1;-1;-1;-1;Bilyar-Alabuga
436;1717;major_river;1628;-1;-1;-1;-1;Naberezhnye-Alabuga
1646;512;major_river;1056;-1;-1;-1;-1;Odessa-Belgorod		#DNIESTER
1646;541;major_river;1056;-1;-1;-1;-1;Odessa-Peresechen
1641;541;major_river;1057;-1;-1;-1;-1;Bratslav-Peresechen
1637;541;major_river;1057;-1;-1;-1;-1;Ushytsia-Peresechen
1637;1638;major_river;1057;-1;-1;-1;-1;Ushytsia-Iasi
1637;536;major_river;1627;-1;-1;-1;-1;Ushytsia-Galich
546;536;major_river;1627;-1;-1;-1;-1;Terebovl-Galich
510;1640;major_river;1058;-1;-1;-1;-1;Constantia-Chilia		#DANUBE
510;511;major_river;1058;-1;-1;-1;-1;Constantia-Galaz
510;1642;major_river;1058;-1;-1;-1;-1;Constantia-Calarasi
509;1642;major_river;1059;-1;-1;-1;-1;Karvuna-Calarasi
509;514;major_river;1059;-1;-1;-1;-1;Karvuna-Turnu
508;514;major_river;1059;-1;-1;-1;-1;Dorostotum-Turnu
507;514;major_river;1060;-1;-1;-1;-1;Nikopolis-Turnu
507;1643;major_river;1060;-1;-1;-1;-1;Nikopolis-Craiova
506;1643;major_river;1061;-1;-1;-1;-1;Vidin-Craiova
506;1645;major_river;1061;-1;-1;-1;-1;Vidin-Targu Jiu
506;516;major_river;1061;-1;-1;-1;-1;Vidin-Severin
505;516;major_river;1061;-1;-1;-1;-1;Belgrade-Severin
505;517;major_river;1063;-1;-1;-1;-1;Beograd-Temes
505;518;major_river;1063;-1;-1;-1;-1;Beograd-Bacs
1968;517;major_river;1063;-1;-1;-1;-1;Syrmia-Temes
1968;518;major_river;1063;-1;-1;-1;-1;Syrmia-Bacs
452;518;major_river;1065;-1;-1;-1;-1;Pecs-Bacs
452;521;major_river;1065;-1;-1;-1;-1;Pecs-Csanad
452;522;major_river;1065;-1;-1;-1;-1;Pecs-Pest
451;522;major_river;1066;-1;-1;-1;-1;Fejer-Pest
451;444;major_river;1066;-1;-1;-1;-1;Fejer-Esztergom
450;444;major_river;1067;-1;-1;-1;-1;Sopron-Esztergom
450;445;major_river;1067;-1;-1;-1;-1;Sopron-Pressburg
449;445;major_river;1067;-1;-1;-1;-1;Österreich-Pressburg
449;1697;major_river;1067;-1;-1;-1;-1;Österreich-Krems
1699;1697;major_river;1067;-1;-1;-1;-1;Medelike-Krems
1699;1698;major_river;1067;-1;-1;-1;-1;Medelike-Freistadt
448;447;major_river;1068;-1;-1;-1;-1;Salzburg-Passau
1700;447;major_river;1068;-1;-1;-1;-1;Regensburg-Passau
1690;1698;major_river;1068;-1;-1;-1;-1;Traungau-Freistadt
1700;361;major_river;1068;-1;-1;-1;-1;Regensburg-Niederbayern
1700;252;major_river;1069;-1;-1;-1;-1;Regensburg-Ulm
315;252;major_river;1069;-1;-1;-1;-1;Kempten-Ulm
249;252;major_river;1069;-1;-1;-1;-1;Schwaben-Ulm
249;251;major_river;1069;-1;-1;-1;-1;Schwaben-Fürstenberg
1297;1331;major_river;1307;-1;-1;-1;-1;Debul-Sonda
1303;1331;major_river;1307;-1;-1;-1;-1;Ranikot-Sonda
1303;1137;major_river;1307;-1;-1;-1;-1;Ranikot-Mansura
1303;1333;major_river;1308;-1;-1;-1;-1;Ranikot-Siwistan
1138;1333;major_river;1308;-1;-1;-1;-1;Bhakkar-Siwistan
1138;1175;major_river;1309;-1;-1;-1;-1;Bhakkar-Aror
1339;1175;major_river;1309;-1;-1;-1;-1;Rajanpur-Aror
1339;1336;major_river;1309;-1;-1;-1;-1;Rajanpur-Vijnot
1339;1337;major_river;1310;-1;-1;-1;-1;Rajanpur-Uch
1375;1337;major_river;1310;-1;-1;-1;-1;Kafirkot-Uch
1375;1338;major_river;1310;-1;-1;-1;-1;Kafirkot-Multan
1375;1340;major_river;1310;-1;-1;-1;-1;Kafirkot-Karor
1191;1340;major_river;1310;-1;-1;-1;-1;Bannu-Karor
1236;1318;major_river;1311;-1;-1;-1;-1;Candradvipa-Samatata
1236;1319;major_river;1311;-1;-1;-1;-1;Candradvipa-Bikrampur
1240;1319;major_river;1311;-1;-1;-1;-1;Kumara Mandala-Bikrampur
1240;1325;major_river;1312;-1;-1;-1;-1;Kumara Mandala-Madhupur
1243;1151;major_river;1312;-1;-1;-1;-1;Gauda-Laksmanavati
1243;1153;major_river;1313;-1;-1;-1;-1;Gauda-Kotivarsa
1152;1153;major_river;1313;-1;-1;-1;-1;Mudgagiri-Kotivarsa
1152;1419;major_river;1313;-1;-1;-1;-1;Mudgagiri-Mithila
1154;1419;major_river;1313;-1;-1;-1;-1;Magadha-Mithila
1154;1162;major_river;1313;-1;-1;-1;-1;Magadha-Kusinagara
1251;1162;major_river;1315;-1;-1;-1;-1;Sasaram-Kusinagara
1251;1166;major_river;1315;-1;-1;-1;-1;Sasaram-Jaunpur
1251;1163;major_river;1315;-1;-1;-1;-1;Sasaram-Varanasi
1281;1163;major_river;1315;-1;-1;-1;-1;Chunar-Varanasi
1328;1163;major_river;1315;-1;-1;-1;-1;Prayaga-Varanasi
1328;1284;major_river;1315;-1;-1;-1;-1;Prayaga-Bharauli
1283;1284;major_river;1315;-1;-1;-1;-1;Asni-Bharauli
1356;1284;major_river;1314;-1;-1;-1;-1;Kanyakubja-Bharauli
1356;1167;major_river;1314;-1;-1;-1;-1;Kanyakubja-Lakhnau
1356;1358;major_river;1314;-1;-1;-1;-1;Kanyakubja-Vodamayutja
1141;1358;major_river;1314;-1;-1;-1;-1;Kol-Vodamayutja
1141;1173;major_river;1314;-1;-1;-1;-1;Kol-Sambhal
1365;1173;major_river;1314;-1;-1;-1;-1;Delhi-Sambhal
1325;1319;major_river;1316;-1;-1;-1;-1;Madhupur-Bikrampur
1325;1324;major_river;1316;-1;-1;-1;-1;Madhupur-Suvarnagram
1381;1324;major_river;1316;-1;-1;-1;-1;Pundravardhana-Suvarnagram
1321;1246;major_river;1317;-1;-1;-1;-1;Kamarupanagara-Goalpara
1078;1082;portage;568;-1;-1;-1;-1;Dneiper-Dwina		###PORTAGE
1089;1093;portage;595;-1;-1;-1;-1;Don-Volga
1087;1082;portage;419;-1;-1;-1;-1;Lovat-Dwina
1402;1404;portage;1195;-1;-1;-1;-1;Gulf of Mannar-Palk Strait
45;1939;sea;992;-1;-1;-1;-1;Argyll - Iona
1939;35;sea;992;-1;-1;-1;-1;Iona - Innse Gall
64;1949;sea;968;-1;-1;-1;-1;Gwynedd - Anglesey
26;1950;sea;966;-1;-1;-1;-1;Wessex - Wight
797;790;major_river;1995;-1;-1;-1;-1;Manupura-Sarqihya		#MNR	Nile
796;797;major_river;1995;-1;-1;-1;-1;Cairo-Manupura
796;790;major_river;1995;-1;-1;-1;-1;Cairo-Sarqihya
802;799;major_river;1996;-1;-1;-1;-1;Alexandria-Gabiyaha
2004;799;major_river;1996;-1;-1;-1;-1;Kharibta-Gabiyaha
2004;797;major_river;1996;-1;-1;-1;-1;Kharibta-Manupura
800;797;major_river;1997;-1;-1;-1;-1;Gizeh-Manupura
800;796;major_river;1997;-1;-1;-1;-1;Gizeh-Cairo
2001;796;major_river;1997;-1;-1;-1;-1;Faiyum-Cairo
2001;2002;major_river;1997;-1;-1;-1;-1;Faiyum-Akhmim
795;2002;major_river;1997;-1;-1;-1;-1;Asyut-Akhmim
795;791;major_river;1997;-1;-1;-1;-1;Asyut-Quena
2003;791;major_river;1998;-1;-1;-1;-1;Esna-Quena
2003;794;major_river;1998;-1;-1;-1;-1;Esna-Aswan
1282;794;major_river;1998;-1;-1;-1;-1;Dotawo-Aswan
1282;1320;major_river;1998;-1;-1;-1;-1;Dotawo-Aydhab
1282;792;major_river;1998;-1;-1;-1;-1;Dotawo-Nubia
1322;792;major_river;1998;-1;-1;-1;-1;Nobatia-Nubia
1322;1326;major_river;1998;-1;-1;-1;-1;Nobatia-Napata 
793;1326;major_river;1999;-1;-1;-1;-1;Makuria-Napata
879;1326;major_river;1999;-1;-1;-1;-1;Atbara-Napata
879;878;major_river;1999;-1;-1;-1;-1;Atbara-Hayya
790;2006;major_river;2133;-1;-1;-1;-1;Sarqihya-Kolzum
789;2006;major_river;2133;-1;-1;-1;-1;Pelusia-Kolzum
788;2006;major_river;2133;-1;-1;-1;-1;Farama-Kolzum
879;877;major_river;2008;-1;-1;-1;-1;Atbara-Kassala
879;1334;major_river;2008;-1;-1;-1;-1;Atbara-Alodia
1334;1994;major_river;2008;-1;-1;-1;-1;Alodia-Bayuda
1334;1335;major_river;2008;-1;-1;-1;-1;Alodia-Kosti
1335;880;major_river;2009;-1;-1;-1;-1;Kosti-Sennar
878;877;major_river;2010;-1;-1;-1;-1;Hayya-Kassala
876;877;major_river;2011;-1;-1;-1;-1;Akordat-Kassala
1437;877;major_river;2011;-1;-1;-1;-1;Tigrinya-Kassala
1993;883;major_river;2011;-1;-1;-1;-1;Tigrinya-Gezira
172;173;major_river;2015;-1;-1;-1;-1;Castellon-Tarragona 	#Ebro
174;173;major_river;2015;-1;-1;-1;-1;Albarracin-Tarragona
174;203;major_river;2016;-1;-1;-1;-1;Albarracin-Lleida
174;202;major_river;2016;-1;-1;-1;-1;Albarracin-Zaragoza
175;202;major_river;2017;-1;-1;-1;-1;Calatayud-Zaragoza
200;202;major_river;2017;-1;-1;-1;-1;Soria-Zaragoza
200;201;major_river;2017;-1;-1;-1;-1;Soria-Navarra
160;161;major_river;2018;-1;-1;-1;-1;Lisboa-Alc?cer do Sal 	#Tagus
160;186;major_river;2018;-1;-1;-1;-1;Lisboa-Evora
2012;186;major_river;2019;-1;-1;-1;-1;Egitanea-Evora
193;186;major_river;2019;-1;-1;-1;-1;Alcantara-Evora
195;193;major_river;2020;-1;-1;-1;-1;Caceres-Alcantara
194;195;major_river;2020;-1;-1;-1;-1;Plasencia-Caceres
220;221;major_river;2021;-1;-1;-1;-1;Melgueil-Provence		#Rhone
220;222;major_river;2021;-1;-1;-1;-1;Melgueil-Venaissin
223;222;major_river;2021;-1;-1;-1;-1;Vivarais-Venaissin
223;228;major_river;2022;-1;-1;-1;-1;Vivarais-Vienne
219;228;major_river;2022;-1;-1;-1;-1;G?vaudan-Vienne
224;228;major_river;2022;-1;-1;-1;-1;Forez-Vienne
224;227;major_river;2023;-1;-1;-1;-1;Forez-Lyon
225;227;major_river;2023;-1;-1;-1;-1;M?con-Lyon
353;355;major_river;2024;-1;-1;-1;-1;Ferrara-Padua			#Po
353;319;major_river;2024;-1;-1;-1;-1;Ferrara-Verona
354;319;major_river;2024;-1;-1;-1;-1;Mantua-Verona
354;318;major_river;2025;-1;-1;-1;-1;Mantua-Brescia
320;318;major_river;2025;-1;-1;-1;-1;Cremona-Brescia
320;235;major_river;2026;-1;-1;-1;-1;Cremona-Lombardy
234;235;major_river;2026;-1;-1;-1;-1;Pavia-Lombardy
308;366;major_river;2027;-1;-1;-1;-1;Wolgast-Stettin		#Oder
308;1588;major_river;2027;-1;-1;-1;-1;Wolgast-Neumark
365;1588;major_river;2027;-1;-1;-1;-1;Brandenburg-Neumark
365;430;major_river;2028;-1;-1;-1;-1;Brandenburg-Lubusz
364;430;major_river;2028;-1;-1;-1;-1;Lausitz-Lubusz
364;434;major_river;2028;-1;-1;-1;-1;Lausitz-Lower Silesia
363;434;major_river;2028;-1;-1;-1;-1;Litomerice-Lower Silesia 
1589;434;major_river;2029;-1;-1;-1;-1;Gorlitz-Lower Silesia
1589;435;major_river;2029;-1;-1;-1;-1;Gorlitz-Upper Silesia
363;435;major_river;2029;-1;-1;-1;-1;Litomerice-Upper Silesia
438;435;major_river;2029;-1;-1;-1;-1;Hradec-Upper Silesia
438;433;major_river;2029;-1;-1;-1;-1;Hradec-Opole
107;140;major_river;2031;-1;-1;-1;-1;Anjou-Tours			#Loire Extended
109;140;major_river;2031;-1;-1;-1;-1;Vend?me-Tours
109;110;major_river;2031;-1;-1;-1;-1;Vend?me-Blois
1965;110;major_river;2031;-1;-1;-1;-1;Dunois-Blois
110;138;major_river;2031;-1;-1;-1;-1;Blois-Orl?ans
1960;138;major_river;2031;-1;-1;-1;-1;Sancerre-Orl?ans
1960;132;major_river;2032;-1;-1;-1;-1;Sancerre-Auxerre
1960;137;major_river;2032;-1;-1;-1;-1;Sancerre-Nevers
146;137;major_river;2032;-1;-1;-1;-1;Bourbon-Nevers
164;165;major_river;2033;-1;-1;-1;-1;Niebla-Cadiz			#Guadalquivir
183;165;major_river;2033;-1;-1;-1;-1;Aracena-Cadiz
183;182;major_river;2033;-1;-1;-1;-1;Aracena-Sevilla
163;2014;major_river;2035;-1;-1;-1;-1;Faro-Huelva			#Guadiana
185;2014;major_river;2035;-1;-1;-1;-1;Mertola-Huelva
185;164;major_river;2035;-1;-1;-1;-1;Mertola-Niebla
185;184;major_river;2035;-1;-1;-1;-1;Mertola-Badajoz
186;184;major_river;2036;-1;-1;-1;-1;Evora-Badajoz
195;184;major_river;2036;-1;-1;-1;-1;Caceres-Badajoz
196;184;major_river;2036;-1;-1;-1;-1;Calatrava-Badajoz
112;1963;major_river;2037;-1;-1;-1;-1;Ile de France-Senlis	#Seine Extended
112;1964;major_river;2037;-1;-1;-1;-1;Ile de France-Brie
131;1964;major_river;2038;-1;-1;-1;-1;Sens-Brie
131;130;major_river;2038;-1;-1;-1;-1;Sens-Troyes
132;130;major_river;2038;-1;-1;-1;-1;Auxerre-Troyes	
1981;123;major_river;2039;-1;-1;-1;-1;Frankfurt-Mainz		#Rhine Extended  
122;123;major_river;2039;-1;-1;-1;-1;Leiningen-Mainz
124;1984;major_river;2039;-1;-1;-1;-1;Pfalz-Rottenburg
124;125;major_river;2040;-1;-1;-1;-1;Pfalz-Baden
126;125;major_river;2040;-1;-1;-1;-1;Nordgau-Baden
158;159;major_river;2041;-1;-1;-1;-1;Porto-Coimbra			#Douro 
188;159;major_river;2041;-1;-1;-1;-1;Bragan?a-Coimbra
188;187;major_river;2041;-1;-1;-1;-1;Bragan?a-Castelo Branco
188;191;major_river;2042;-1;-1;-1;-1;Bragan?a-Zamora
189;191;major_river;2042;-1;-1;-1;-1;Astorga-Zamora
1975;191;major_river;2042;-1;-1;-1;-1;Palencia-Zamora
73;32;major_river;2043;-1;-1;-1;-1;Kent-Middlesex			#Thames
24;32;major_river;2043;-1;-1;-1;-1;Surrey-Middlesex
26;32;major_river;2043;-1;-1;-1;-1;Winchester-Middlesex
22;32;major_river;2043;-1;-1;-1;-1;Oxford-Middlesex
91;90;major_river;2044;-1;-1;-1;-1;Loon-J?lich				#Meuse
91;119;major_river;2044;-1;-1;-1;-1;Loon-Koln 
91;116;major_river;2044;-1;-1;-1;-1;Loon-Liege
117;116;major_river;2045;-1;-1;-1;-1;Brabant-Liege
94;116;major_river;2045;-1;-1;-1;-1;Hainaut-Liege
113;116;major_river;2045;-1;-1;-1;-1;Vermandis-Liege
114;116;major_river;2046;-1;-1;-1;-1;Reims-Liege
296;272;major_river;2047;-1;-1;-1;-1;Viken-Akershus			#Glomma
295;272;major_river;2047;-1;-1;-1;-1;Dal-Akershus
288;272;major_river;2047;-1;-1;-1;-1;Wermelandia-Akershus
395;396;major_river;2048;-1;-1;-1;-1;Dvina-Bjarmia			#Dvina  
395;1822;major_river;2048;-1;-1;-1;-1;Dvina-Pinega
395;1824;major_river;2048;-1;-1;-1;-1;Dvina-Yezhuga
395;399;major_river;2048;-1;-1;-1;-1;Dvina-Syrj
1826;399;major_river;2049;-1;-1;-1;-1;Velsk-Syrj
1826;1818;major_river;2049;-1;-1;-1;-1;Velsk-Bolshaya
1826;400;major_river;2049;-1;-1;-1;-1;Velsk-Veliky Ustug
401;586;major_river;2050;-1;-1;-1;-1;Hlynov-Galich Mersky
406;586;major_river;2050;-1;-1;-1;-1;Vologda-Galich Mersky
452;462;major_river;2051;-1;-1;-1;-1;Pecs-Krizevci			#Drava
452;1969;major_river;2051;-1;-1;-1;-1;Pecs-Vukovar
453;462;major_river;2051;-1;-1;-1;-1;Szekesfehervar-Krizevci
453;460;major_river;2052;-1;-1;-1;-1;Szekesfehervar-Varazdin
454;460;major_river;2052;-1;-1;-1;-1;Vas-Varazdin
1643;514;major_river;2053;-1;-1;-1;-1;Severin-Turnu			#Olt 
372;422;major_river;2054;-1;-1;-1;-1;Memel-Scalovia			#Neman 
372;1597;major_river;2054;-1;-1;-1;-1;Memel-Deltuva
426;1597;major_river;2054;-1;-1;-1;-1;Yatvyagi-Deltuva
426;1590;major_river;2055;-1;-1;-1;-1;Yatvyagi-Nalsia
426;420;major_river;2055;-1;-1;-1;-1;Yatvyagi-Aukshayts
424;420;major_river;2055;-1;-1;-1;-1;Jacwiez-Aukshayts
295;297;major_river;2056;-1;-1;-1;-1;Dal-Westrogothia		#Gota Alv 
296;297;major_river;2056;-1;-1;-1;-1;Viken-Westrogothia
380;411;major_river;2057;-1;-1;-1;-1;Narva-Vodi	#Narva 
323;327;major_river;2058;-1;-1;-1;-1;Lucca-Pisa	#Arno 
1968;505;major_river;2059;-1;-1;-1;-1;Syrmia-Belgrade		#Sava 
1968;504;major_river;2059;-1;-1;-1;-1;Syrmia-Soli
1968;1970;major_river;2059;-1;-1;-1;-1;Syrmia-Soli
1970;1969;major_river;2060;-1;-1;-1;-1;Soli-Vukovar
463;1969;major_river;2060;-1;-1;-1;-1;Usora-Vukovar
463;462;major_river;2060;-1;-1;-1;-1;Usora-Krizevci
461;462;major_river;2061;-1;-1;-1;-1;Zagreb-Krizevci
461;460;major_river;2061;-1;-1;-1;-1;Zagreb-Varazdin
618;620;major_river;2062;-1;-1;-1;-1;Guryev-Itil			#Ural
618;617;major_river;2062;-1;-1;-1;-1;Guryev-Uzens
1813;617;major_river;2062;-1;-1;-1;-1;Ryn-Uzens
1813;616;major_river;2063;-1;-1;-1;-1;Ryn-Pecheneg
1813;1849;major_river;2063;-1;-1;-1;-1;Ryn-Irtek
1852;1849;major_river;2063;-1;-1;-1;-1;Utva-Irtek
1852;897;major_river;2063;-1;-1;-1;-1;Utva-Inder
1848;897;major_river;2064;-1;-1;-1;-1;Sakmara-Inder
1848;896;major_river;2064;-1;-1;-1;-1;Sakmara-Aqtobe
895;896;major_river;2064;-1;-1;-1;-1;Yaik-Aqtobe
649;648;major_river;2065;-1;-1;-1;-1;Basra-Khozistan 		#Tigris-Euphraties
655;648;major_river;2066;-1;-1;-1;-1;Kufa-Khozistan
655;656;major_river;2066;-1;-1;-1;-1;Kufa-Sus
655;689;major_river;2066;-1;-1;-1;-1;Kufa-Ilam
690;689;major_river;2066;-1;-1;-1;-1;Al Amarah-Ilam
689;693;major_river;2067;-1;-1;-1;-1;Ilam-Bagdad
688;693;major_river;2067;-1;-1;-1;-1;Kermanshah-Bagdad
687;693;major_river;2067;-1;-1;-1;-1;Kirkuk-Bagdad
687;696;major_river;2067;-1;-1;-1;-1;Kirkuk-Samara
685;695;major_river;2068;-1;-1;-1;-1;Irbil-Deir
697;695;major_river;2069;-1;-1;-1;-1;Mosul-Deir
697;711;major_river;2069;-1;-1;-1;-1;Mosul-Sinjar
697;684;major_river;2069;-1;-1;-1;-1;Mosul-Nisibin
649;655;major_river;2070;-1;-1;-1;-1;Basra-Kufa
654;655;major_river;2070;-1;-1;-1;-1;Ain Said-Kufa
654;690;major_river;2070;-1;-1;-1;-1;Ain Said-Al Amarah
692;690;major_river;2071;-1;-1;-1;-1;Al Nadjaf-Al Amarah
690;694;major_river;2071;-1;-1;-1;-1;Al Amarah-Karbala
694;693;major_river;2071;-1;-1;-1;-1;Karbala-Bagdad
694;696;major_river;2071;-1;-1;-1;-1;Karbala-Samara
694;695;major_river;2072;-1;-1;-1;-1;Karbala-Deir
712;695;major_river;2072;-1;-1;-1;-1;Rahbah-Deir
712;711;major_river;2072;-1;-1;-1;-1;Rahbah-Sinjar
729;711;major_river;2073;-1;-1;-1;-1;Al-Sukhnah-Sinjar
710;711;major_river;2073;-1;-1;-1;-1;Al Bichri-Sinjar
710;698;major_river;2074;-1;-1;-1;-1;Al Bichri-Hasakah
709;698;major_river;2074;-1;-1;-1;-1;Asas-Hasakah
1290;1127;major_river;2075;-1;-1;-1;-1;Khetaka-Navasarika	#India 
1133;1127;major_river;2075;-1;-1;-1;-1;Vadodara-Navasarika
1289;1127;major_river;2075;-1;-1;-1;-1;Dadhipadra-Navasarika
1289;1264;major_river;2077;-1;-1;-1;-1;Dadhipadra-Nandurbar
1289;1262;major_river;2077;-1;-1;-1;-1;Dadhipadra-Thalner
1289;1147;major_river;2077;-1;-1;-1;-1;Dadhipadra-Mandapika
1149;1147;major_river;2077;-1;-1;-1;-1;Dhara-Mandapika
1288;1147;major_river;2078;-1;-1;-1;-1;Ujjayini-Mandapika
1288;1287;major_river;2078;-1;-1;-1;-1;Ujjayini-Asirgarh
1150;1287;major_river;2078;-1;-1;-1;-1;Sarangpur-Asirgarh
1150;1164;major_river;2078;-1;-1;-1;-1;Sarangpur-Chauragarh
1274;1164;major_river;2079;-1;-1;-1;-1;Damoh-Chauragarh
1221;1123;major_river;2080;-1;-1;-1;-1;Vijayawada-Vengipura
1415;1123;major_river;2088;-1;-1;-1;-1;Pithapuram-Vengipura
1222;1123;major_river;2088;-1;-1;-1;-1;Rajamahendravaram-Vengipura
1222;1208;major_river;2088;-1;-1;-1;-1;Rajamahendravaram-Kambampet
1221;1208;major_river;2080;-1;-1;-1;-1;Vijayawada-Kambampet
1207;1208;major_river;2080;-1;-1;-1;-1;Amaravati-Kambampet
1207;1253;major_river;2081;-1;-1;-1;-1;Amaravati-Nilagiri
1122;1253;major_river;2081;-1;-1;-1;-1;Udayagiri-Nilagiri
1122;1211;major_river;2081;-1;-1;-1;-1;Udayagiri-Pannagallu
1218;1211;major_river;2081;-1;-1;-1;-1;Alampur-Pannagallu
1203;1211;major_river;2082;-1;-1;-1;-1;Idatarainadu-Pannagallu
1203;1218;major_river;2086;-1;-1;-1;-1;Idatarainadu-Alampur
1202;1218;major_river;2086;-1;-1;-1;-1;Kudalasangama-Alampur
1202;1121;major_river;2087;-1;-1;-1;-1;Kudalasangama-Uchangidurga
1203;1210;major_river;2082;-1;-1;-1;-1;Idatarainadu-Manyakheta
1203;1265;major_river;2083;-1;-1;-1;-1;Idatarainadu-Sagar
1202;1265;major_river;2083;-1;-1;-1;-1;Kudalasangama-Sagar
1198;1265;major_river;2084;-1;-1;-1;-1;Vatapi-Sagar
1198;1206;major_river;2084;-1;-1;-1;-1;Vatapi-Taradavadi
1210;1265;major_river;2085;-1;-1;-1;-1;Manyakheta-Sagar
1210;1206;major_river;2085;-1;-1;-1;-1;Manyakheta-Taradavadi
1256;1252;major_river;2089;-1;-1;-1;-1;Orangallu-Barasuru
1269;1252;major_river;2123;-1;-1;-1;-1;Canda-Barasuru
1157;1269;major_river;2092;-1;-1;-1;-1;Balkonda-Canda
1157;1256;major_river;2090;-1;-1;-1;-1;Balkonda-Orangallu
1157;1255;major_river;2090;-1;-1;-1;-1;Balkonda-Vemulavada
1129;1231;major_river;2093;-1;-1;-1;-1;Kataka-Viraja
1129;1156;major_river;2093;-1;-1;-1;-1;Kataka-Kodalaka Mandala 
1229;1156;major_river;2094;-1;-1;-1;-1;Khinjali Mandala-Kodalaka Mandala
1229;1249;major_river;2094;-1;-1;-1;-1;Khinjali Mandala-Sambalpur 
1230;1249;major_river;2094;-1;-1;-1;-1;Suvarnapura-Sambalpur
1155;1249;major_river;2095;-1;-1;-1;-1;Sripuri-Sambalpur
1155;1272;major_river;2095;-1;-1;-1;-1;Sripuri-Ratanpur
1378;902;major_river;2096;-1;-1;-1;-1;Urgench-Dashhowuz		#Amu Darya
626;902;major_river;2096;-1;-1;-1;-1;Khiva-Dashhowuz
626;628;major_river;2097;-1;-1;-1;-1;Khiva-Bukhara
628;1541;major_river;2097;-1;-1;-1;-1;Bukhara-Amol
1545;1541;major_river;2098;-1;-1;-1;-1;Nakhshab-Amol
1545;1540;major_river;2098;-1;-1;-1;-1;Nakhshab-Guzgan
1544;1540;major_river;2098;-1;-1;-1;-1;Chaghaniyan-Guzgan
904;1544;major_river;2099;-1;-1;-1;-1;Balkh-Chaghaniyan
904;1188;major_river;2099;-1;-1;-1;-1;Balkh-Khuttal
848;85;major_river;2100;-1;-1;-1;-1;Bremen-Ostfriesland		#Weser
848;86;major_river;2100;-1;-1;-1;-1;Bremen-Oldenburg
259;86;major_river;2100;-1;-1;-1;-1;Celle-Oldenburg
259;1979;major_river;2100;-1;-1;-1;-1;Celle-Minden
1980;1979;major_river;2101;-1;-1;-1;-1;Verden-Minden
257;1979;major_river;2101;-1;-1;-1;-1;Braunschweig-Minden
257;120;major_river;2101;-1;-1;-1;-1;Braunschweig-Gottingen
1789;631;major_river;2102;-1;-1;-1;-1;Kyzyl-Su-Dihistan		#Uzboy
627;631;major_river;2102;-1;-1;-1;-1;Kara-Kum-Dihistan
627;1791;major_river;2102;-1;-1;-1;-1;Kara-Kum-Gurganj
1744;1743;major_river;2103;-1;-1;-1;-1;Munio-Bornu			#Yobe
1744;1745;major_river;2103;-1;-1;-1;-1;Munio-Bauchi
1744;1746;major_river;2104;-1;-1;-1;-1;Munio-Kano
1747;1746;major_river;2104;-1;-1;-1;-1;Daura-Kano
1751;1746;major_river;2104;-1;-1;-1;-1;Katsina-Kano
1742;1741;major_river;2105;-1;-1;-1;-1;Kagha-Makari			#Chari
256;311;major_river;2106;-1;-1;-1;-1;Weimar-Plauen			#Saale
256;312;major_river;2106;-1;-1;-1;-1;Weimar-Meissen	
529;530;major_river;2107;-1;-1;-1;-1;Plock-Czersk			#Bug
529;1583;major_river;2107;-1;-1;-1;-1;Plock-Lomzynska
1717;1845;major_river;2108;-1;-1;-1;-1;Alabuga-Tynea		#Kama Extended
1719;1845;major_river;2108;-1;-1;-1;-1;Udmurts-Tynea
1719;886;major_river;2108;-1;-1;-1;-1;Udmurts-Perm
1720;886;major_river;2108;-1;-1;-1;-1;Kudymkar-Perm
1720;1841;major_river;2108;-1;-1;-1;-1;Kudymkar-Kolva
1720;888;major_river;2108;-1;-1;-1;-1;Kudymkar-Komi
123;118;major_river;2113;-1;-1;-1;-1;Mainz-Trier			#Moselle
1986;118;major_river;2113;-1;-1;-1;-1;Saargau-Trier
128;118;major_river;2113;-1;-1;-1;-1;Metz-Trier
128;115;major_river;2114;-1;-1;-1;-1;Metz-Luxembourg
128;129;major_river;2114;-1;-1;-1;-1;Metz-Verdun
1285;1252;major_river;2123;-1;-1;-1;-1;Acalapura-Barasuru 	#Wardha
1261;1252;major_river;2124;-1;-1;-1;-1;Parnakheta-Barasuru
1261;1258;major_river;2124;-1;-1;-1;-1;Parnakheta-Nanded
1154;1251;major_river;2115;-1;-1;-1;-1;Magadha-Sasaram 		#Son
1276;1251;major_river;2115;-1;-1;-1;-1;Gaya-Sasaram 
1327;1251;major_river;2116;-1;-1;-1;-1;Rothas-Sasaram 
1278;1251;major_river;2116;-1;-1;-1;-1;Gurgi-Sasaram 
1281;1328;major_river;2117;-1;-1;-1;-1;Chunar-Prayaga 		#Yamuna
1171;1328;major_river;2117;-1;-1;-1;-1;Kalanjara-Prayaga
1301;1328;major_river;2117;-1;-1;-1;-1;Mahoba-Prayaga
1301;1283;major_river;2117;-1;-1;-1;-1;Mahoba-Asni
1283;1169;major_river;2118;-1;-1;-1;-1;Asni-Kalpi
1356;1169;major_river;2118;-1;-1;-1;-1;Kanyakubja-Kalpi
1359;1169;major_river;2118;-1;-1;-1;-1;Mathura-Kalpi
1301;1169;major_river;2119;-1;-1;-1;-1;Mahoba-Kalpi 		#Betwa
1301;1172;major_river;2119;-1;-1;-1;-1;Mahoba-Gwalior
1359;1172;major_river;2120;-1;-1;-1;-1;Mathura-Gwalior 		#Chamba
1357;1172;major_river;2120;-1;-1;-1;-1;Sripatha-Gwalior
1355;1172;major_river;2120;-1;-1;-1;-1;Ranthambore-Gwalior
1355;1299;major_river;2121;-1;-1;-1;-1;Ranthambore-Candhoba
1300;1299;major_river;2121;-1;-1;-1;-1;Kota-Candhoba
1300;1346;major_river;2121;-1;-1;-1;-1;Kota-Ajayameru
1300;1302;major_river;2121;-1;-1;-1;-1;Kota-Chitrakut
1288;1302;major_river;2122;-1;-1;-1;-1;Ujjayini-Chitrakut
1288;1148;major_river;2122;-1;-1;-1;-1;Ujjayini-Dasapura
1961;1963;major_river;2125;-1;-1;-1;-1;Clermont-Senlis		#Oise
95;1963;major_river;2125;-1;-1;-1;-1;Amiens-Senlis
95;1964;major_river;2126;-1;-1;-1;-1;Amiens-Brie
113;1964;major_river;2126;-1;-1;-1;-1;Vermandois-Brie
84;85;major_river;2127;-1;-1;-1;-1;Frisia-Ostfriesland		#Ems
84;87;major_river;2127;-1;-1;-1;-1;Frisia-Osnabruck
1989;87;major_river;2127;-1;-1;-1;-1;Overijssel-Osnabruck
83;87;major_river;2127;-1;-1;-1;-1;Gelre-Osnabruck
88;87;major_river;2128;-1;-1;-1;-1;Munster-Osnabruck
1642;511;major_river;2129;-1;-1;-1;-1;Calarasi-Galaz		#Siret
515;511;major_river;2129;-1;-1;-1;-1;Tirgoviste-Galaz
542;543;major_river;2130;-1;-1;-1;-1;Olvia-Oleshye			#Buh
542;1647;major_river;2130;-1;-1;-1;-1;Olvia-Vinnytsia
1641;1647;major_river;2130;-1;-1;-1;-1;Bratslav-Vinnytsia
1637;1647;major_river;2131;-1;-1;-1;-1;Ushytsia-Vinnytsia
445;1697;major_river;2132;-1;-1;-1;-1;Pressburg-Krems		#Morava
445;446;major_river;2132;-1;-1;-1;-1;Pressburg-Morava
445;441;major_river;2132;-1;-1;-1;-1;Pressburg-Brno
1100;2050;portage;407;-1;-1;-1;-1;Volga9-Dvina3				#MNR Portage
2122;2077;portage;1288;-1;-1;-1;-1;Chamba3-Narmada3